ID,facility_type,facility_name,facility_sc,map_latitude,map_longitude,Total_supply,,,,
HS_001,Hospital,Caritas Medical Centre Family Medicine Clinic,明爱医院家庭医学诊所,22.34063,114.15231,63156,,,,
HS_002,Hospital,Central Kowloon Health Centre,中九龙诊所,22.32241,114.17904,123653,,,,
HS_003,Hospital,Cheung Sha Wan Jockey Club General Out-patient Clinic,长沙湾赛马会普通科门诊诊所,22.34047,114.15852,89284,,,,
HS_004,Hospital,East Kowloon General Out-patient Clinic,东九龙普通科门诊诊所,22.33952,114.20795,102088,,,,
HS_005,Hospital,Hong Kong Buddhist Hospital General Out-patient Clinic,香港佛教医院普通科门诊诊所,22.33568,114.18874,40940,,,,
HS_006,Hospital,Hung Hom Clinic,红磡诊所,22.30814,114.1856,54060,,,,
HS_007,Hospital,Kowloon Bay Health Centre General Out-patient Clinic,九龙湾健康中心普通科门诊诊所,22.32863,114.2071,78575,,,,
HS_008,Hospital,Kwong Wah Hospital GOPD,广华医院全科门诊部,22.31547,114.17168,107723,,,,
HS_009,Hospital,Kwun Tong Community Health Centre,观塘社区健康中心,22.31491,114.22604,223079,,,,
HS_010,Hospital,Lam Tin Polyclinic General Out-patient Clinic,蓝田分科诊所普通科门诊诊所,22.31057,114.23333,101492,,,,
HS_011,Hospital,Lee Kee Memorial Dispensary,李基纪念医局,22.33037,114.18904,48675,,,,
HS_012,Hospital,Li Po Chun General Out-patient Clinic,李宝椿普通科门诊诊所,22.32275,114.16612,71013,,,,
HS_013,Hospital,Nam Cheong Family Medicine Clinic,南昌家庭医学诊所,22.33036,114.15418,27181,,,,
HS_014,Hospital,Nam Shan General Out-patient Clinic,南山普通科门诊诊所,22.33413,114.17068,17794,,,,
HS_015,Hospital,Ngau Tau Kok Jockey Club General Out-patient Clinic,牛头角赛马会普通科门诊诊所,22.31707,114.21696,135654,,,,
HS_016,Hospital,Our Lady of Maryknoll Hospital Family Medicine Clinic,圣母医院家庭医学诊所,22.34559,114.19657,122965,,,,
HS_017,Hospital,Queen Elizabeth Hospital,伊利沙伯医院,22.30886,114.17519,3533,,,,
HS_018,Hospital,Robert Black General Out-patient Clinic,柏立基普通科门诊诊所,22.33249,114.19563,82026,,,,
HS_019,Hospital,Shek Kip Mei General Out-patient Clinic,石硖尾普通科门诊诊所,22.33184,114.16741,35314,,,,
HS_020,Hospital,Shun Lee General Out-patient Clinic,顺利普通科门诊诊所,22.33001,114.22689,55288,,,,
HS_021,Hospital,Shun Tak Fraternal Association Leung Kau Kui Clinic,顺德联谊会梁銶琚诊所,22.31714,114.18799,98753,,,,
HS_022,Hospital,United Christian Hospital,基督教联合医院,22.32229,114.2279,50601,,,,
HS_023,Hospital,Wang Tau Hom Jockey Club General Out-patient Clinic,横头磡赛马会普通科门诊诊所,22.33911,114.18538,43653,,,,
HS_024,Hospital,West Kowloon General Out-patient Clinic,西九龙普通科门诊诊所,22.33186,114.16045,86752,,,,
HS_025,Hospital,Wu York Yu General Out-patient Clinic,伍若瑜普通科门诊诊所,22.34692,114.19749,35598,,,,
HS_026,Hospital,Yau Ma Tei Jockey Club General Out-patient Clinic,油麻地赛马会普通科门诊诊所,22.30962,114.16927,190189,,,,
K_001,Kindergarten,HEEP YUNN SCHOOL PRIVATE KINDERGARTEN,,22.3213595,114.1856778,240,,,,
K_002,Kindergarten,FIRST ASSEMBLY OF GOD KINDERGARTEN  (Name in the past: FIRST ASSEMBLY OF GOD PRIMARY SCHOOL AND KINDERGARTEN),,22.3206192,114.1737296,267,,,,
K_003,Kindergarten,AMOY COLLEGE,,22.32188332,114.1846878,77,,,,
K_004,Kindergarten,SUN ISLAND ENGLISH KINDERGARTEN,,22.3214495,114.1900358,323,,,,
K_005,Kindergarten,ST. ROSE OF LIMA'S KINDERGARTEN,,22.32671487,114.1753699,600,,,,
K_006,Kindergarten,CHRISTIAN YOUTH CENTRE KINDERGARTEN,,22.32735604,114.1779809,210,,,,
K_007,Kindergarten,KOWLOON CITY BAPTIST CHURCH KINDERGARTEN,,22.32467372,114.1857945,257,,,,
K_008,Kindergarten,POOI TO PRIMARY SCHOOL,,22.32428537,114.1863283,675,,,,
K_009,Kindergarten,ST. MARK'S CHURCH BRADBURY KINDERGARTEN,,22.31984255,114.1808829,190,,,,
K_010,Kindergarten,KOWLOON LING LIANG CHURCH KINDERGARTEN,,22.32753639,114.1862412,249,,,,
K_011,Kindergarten,KOWLOON CANNAN ANGLO-CHINESE KINDERGARTEN,,22.31573328,114.1881718,288,,,,
K_012,Kindergarten,MAY NGA KINDERGARTEN,,22.32127793,114.1899194,193,,,,
K_013,Kindergarten,HOLY TRINITY CENTRE KINDERGARTEN,,22.32581137,114.1888133,294,,,,
K_014,Kindergarten,S.K.H. HOLY TRINITY CHURCH TSANG SHIU TIM KINDERGARTEN,,22.32564883,114.188755,360,,,,
K_015,Kindergarten,MAY NGA KINDERGARTEN (BRANCH),,22.31810824,114.1893561,226,,,,
K_016,Kindergarten,HONG KONG SOKA KINDERGARTEN,,22.33084182,114.1801552,652,,,,
K_017,Kindergarten,PO LEUNG KUK LI TSUI CHUNG SING MEMORIAL KINDERGARTEN,,22.30871662,114.186337,350,,,,
K_018,Kindergarten,SUN ISLAND ENGLISH KINDERGARTEN (LOK MAN),,22.31721444,114.1859008,191,,,,
K_019,Kindergarten,CANNAN KINDERGARTEN (KOWLOON TONG),,22.3280514,114.1764182,784,,,,
K_020,Kindergarten,HOMANTIN BAPTIST CHURCH KINDERGARTEN,,22.31499304,114.1831442,101,,,,
K_021,Kindergarten,ST. MONICA'S KINDERGARTEN,,22.31448733,114.1832024,123,,,,
K_022,Kindergarten,PO LEUNG KUK TAM AU-YEUNG SIU FONG MEMORIAL KINDERGARTEN,,22.3038848,114.1920916,506,,,,
K_023,Kindergarten,THE SALVATION ARMY LOK MAN NURSERY SCHOOL,,22.31524575,114.1863083,126,,,,
K_024,Kindergarten,TWGHS LO WONG PIK SHAN NURSERY SCHOOL,,22.31148928,114.1792328,85,,,,
K_025,Kindergarten,TSUNG TSIN MISSION OF HONG KONG ON KEI NURSERY SCHOOL,,22.3032799,114.190432,92,,,,
K_026,Kindergarten,PO LEUNG KUK LUI CHAN WAI CHING KINDERGARTEN,,22.3201586,114.1814556,109,,,,
K_027,Kindergarten,PO LEUNG KUK LAM TING LAI LING KINDERGARTEN,,22.30866246,114.1859876,174,,,,
K_028,Kindergarten,POK OI HOSPITAL MRS YAM WING YIN KINDERGARTEN,,22.30676552,114.192616,87,,,,
K_029,Kindergarten,KOWLOON LING LIANG CHURCH DAY NURSERY,,22.32753639,114.1862315,194,,,,
K_030,Kindergarten,LUTHERAN PHILIP HOUSE MA TAU WAI NURSERY SCHOOL,,22.32386991,114.1871533,58,,,,
K_031,Kindergarten,HO OI DAY NURSERY (SPONSORED BY SIK SIK YUEN),,22.31925514,114.189133,94,,,,
K_032,Kindergarten,HOMANTIN YANG MEMORIAL METHODIST PRE-SCHOOL,,22.31483955,114.1824842,94,,,,
K_033,Kindergarten,CANNAN KINDERGARTEN (WATERLOO ROAD),,22.32815073,114.1781945,327,,,,
K_034,Kindergarten,HKSPC MA TAU CHUNG NURSERY SCHOOL,,22.32442972,114.1884734,103,,,,
K_035,Kindergarten,HKSPC SIA WHAMPOA NURSERY SCHOOL,,22.30499601,114.1862882,89,,,,
K_036,Kindergarten,YMCA OF HONG KONG CHRISTIAN NURSERY SCHOOL (FARM ROAD),,22.3214678,114.1867649,88,,,,
K_037,Kindergarten,MAY NGA NURSERY,,22.32125085,114.1898514,52,,,,
K_038,Kindergarten,MARTHA BOSS LUTHERAN DAY NURSERY,,22.31630258,114.1794076,140,,,,
K_039,Kindergarten,PO LEUNG KUK CHAN LAI WAI LIN KINDERGARTEN,,22.31294287,114.1874243,122,,,,
K_040,Kindergarten,CANNAN KINDERGARTEN (WHAMPOA GARDEN),,22.30576322,114.1915872,358,,,,
K_041,Kindergarten,YMCA OF HONG KONG CHRISTIAN KINDERGARTEN (KAI CHING),,22.33362113,114.2031899,73,,,,
K_042,Kindergarten,BUDDHIST MR. & MRS. CHAN CHART MAN KINDERGARTEN,,22.33177894,114.2028984,248,,,,
K_043,Kindergarten,WILLIAM (SMART) KINDERGARTEN (WHAMPOA) (LOCAL STREAM),,22.30435437,114.1923149,280,,,,
K_044,Kindergarten,HKVNS ALUMNI ASSOCIATION KINDERGARTEN (KCC),,22.31849702,114.1742441,206,,,,
K_045,Kindergarten,CANNAN KINDERGARTEN (LAGUNA CITY),,22.30618903,114.2288061,408,,,,
K_046,Kindergarten,HONG KONG LUTHERAN CHURCH KWUN TONG KINDERGARTEN,,22.31459867,114.2216173,140,,,,
K_047,Kindergarten,ST. BARNABAS' CHURCH KINDERGARTEN,,22.31615079,114.2255681,352,,,,
K_048,Kindergarten,KWUN TONG METHODIST KINDERGARTEN,,22.31567351,114.2208606,266,,,,
K_049,Kindergarten,DIAMOND HILL BAPTIST CHURCH BRIGHT BLOSSOMS KINDERGARTEN,,22.3323016,114.2090817,98,,,,
K_050,Kindergarten,PING SHEK KINGSLAND KINDERGARTEN,,22.33347535,114.2101692,117,,,,
K_051,Kindergarten,THE CHURCH OF CHRIST IN CHINA KEI FAAT KINDERGARTEN,,22.31252891,114.2275564,318,,,,
K_052,Kindergarten,BUDDHIST KAM LAI KINDERGARTEN,,22.30564398,114.238016,480,,,,
K_053,Kindergarten,KWUN TONG BAPTIST CHURCH KINDERGARTEN,,22.31862607,114.2224727,555,,,,
K_054,Kindergarten,SHIN YAT TONG ON YAT KINDERGARTEN,,22.32726728,114.2261155,201,,,,
K_055,Kindergarten,TELFORD GARDENS KINDERGARTEN (LOCAL STREAM),,22.32341473,114.2127584,149,,,,
K_056,Kindergarten,THE CHURCH OF CHRIST IN CHINA KEI WA KINDERGARTEN,,22.32984513,114.2098286,170,,,,
K_057,Kindergarten,SHARON LUTHERAN CHURCH KINDERGARTEN,,22.32174221,114.2203578,150,,,,
K_058,Kindergarten,CHRISTIAN LITTLE ANGEL KINDERGARTEN RICHLAND GARDENS,,22.32909602,114.2076347,264,,,,
K_059,Kindergarten,CHOI HA ESTATE KIT SAM KINDERGARTEN,,22.32546362,114.2172335,232,,,,
K_060,Kindergarten,ST. JAMES CATHOLIC KINDERGARTEN,,22.29415693,114.2383021,126,,,,
K_061,Kindergarten,ST. PHILIP LUTHERAN CHURCH KINDERGARTEN,,22.31496672,114.2289841,127,,,,
K_062,Kindergarten,HONG YING ANGLO-CHINESE KINDERGARTEN,,22.30817245,114.2382888,130,,,,
K_063,Kindergarten,CREATIVE KINDERGARTEN (SCENEWAY GARDEN),,22.3069826,114.2321935,360,,,,
K_064,Kindergarten,S.K.H. KINDLY LIGHT CHURCH HOLY CARPENTER KINDERGARTEN,,22.30252802,114.2390627,127,,,,
K_065,Kindergarten,PO LEUNG KUK MRS FONG WONG KAM CHUEN KINDERGARTEN,,22.2986348,114.2416909,117,,,,
K_066,Kindergarten,TUNG WAH GROUP OF HOSPITALS WONG SEE SUM KINDERGARTEN,,22.31229302,114.2309533,142,,,,
K_067,Kindergarten,CNEC CHRISTIAN KINDERGARTEN,,22.32185639,114.2310249,109,,,,
K_068,Kindergarten,CHRISTIAN ALLIANCE SAU MAU PING CHEN LEE WING TSING KINDERGARTEN,,22.32195647,114.2287731,116,,,,
K_069,Kindergarten,THE SALVATION ARMY PING TIN KINDERGARTEN,,22.30559924,114.236929,243,,,,
K_070,Kindergarten,CHAN MUNG YAN LUTHERAN KINDERGARTEN,,22.32022226,114.2298013,270,,,,
K_071,Kindergarten,LAM TIN LING LIANG KINDERGARTEN,,22.30515123,114.2265251,493,,,,
K_072,Kindergarten,YUEN YUEN KINDERGARTEN (PING TIN ESTATE),,22.30733338,114.2362018,148,,,,
K_073,Kindergarten,ST. ANTONIUS KINDERGARTEN,,22.30132776,114.2369174,270,,,,
K_074,Kindergarten,SHUN TAK FRATERNAL ASSOCIATION LEUNG KIT WAH KINDERGARTEN,,22.31727535,114.2381472,177,,,,
K_075,Kindergarten,LOK SIN TONG MAN NG WING YEE KINDERGARTEN,,22.31830693,114.2323241,213,,,,
K_076,Kindergarten,LEI YUE MUN METHODIST KINDERGARTEN,,22.29424664,114.2398742,236,,,,
K_077,Kindergarten,PEACE EVANGELICAL CENTRE KINDERGARTEN (NGAU TAU KOK),,22.31918729,114.2175035,165,,,,
K_078,Kindergarten,JING JING KINDERGARTEN (SHUN LEE BRANCH),,22.3324701,114.2219822,174,,,,
K_079,Kindergarten,BGCAHK CHEERLAND KINDERGARTEN (KOWLOON BAY),,22.34306848,114.1926007,91,,,,
K_080,Kindergarten,ST VINCENT DE PAUL NURSERY SCHOOL,,22.31477913,114.2221609,87,,,,
K_081,Kindergarten,TWGHS CHAN HAN NURSERY SCHOOL,,22.31675369,114.232275,83,,,,
K_082,Kindergarten,NEW KOWLOON WOMEN ASSOCIATION LOK WAH NURSERY,,22.32032376,114.2226965,80,,,,
K_083,Kindergarten,PO LEUNG KUK NG PO LING KINDERGARTEN,,22.3158334,114.2297705,108,,,,
K_084,Kindergarten,TSUNG TSIN MISSION OF HONG KONG ON YEE NURSERY SCHOOL,,22.2969283,114.2409623,92,,,,
K_085,Kindergarten,PO LEUNG KUK KIM HUYNH KINDERGARTEN,,22.33217514,114.2092273,82,,,,
K_086,Kindergarten,PO LEUNG KUK LEE SIU CHAN KINDERGARTEN,,22.33161065,114.2272333,94,,,,
K_087,Kindergarten,PO LEUNG KUK CHENG KWAN HOW YIN KINDERGARTEN,,22.30819922,114.2391332,118,,,,
K_088,Kindergarten,POK OI HOSPITAL CHAN HSU FONG LAM KINDERGARTEN,,22.30291621,114.2394123,97,,,,
K_089,Kindergarten,SISTERS OF THE IMMACULATE HEART OF MARY GOSPEL SAU MAU PING KINDERGARTEN,,22.31806271,114.2334596,94,,,,
K_090,Kindergarten,SHUN TIN RHENISH NURSERY,,22.32572245,114.2280465,96,,,,
K_091,Kindergarten,LUTHERAN PHILIP HOUSE KAI YIP NURSERY SCHOOL,,22.36648547,114.1747772,87,,,,
K_092,Kindergarten,CHRISTIAN FAMILY SERVICE CENTRE TAK TIN KINDERGARTEN,,22.30634816,114.2385792,87,,,,
K_093,Kindergarten,CHRISTIAN FAMILY SERVICE CENTRE CHEERLAND KINDERGARTEN,,22.31173379,114.2289052,103,,,,
K_094,Kindergarten,ELCHK LING ON NURSERY SCHOOL,,22.30894169,114.2337956,84,,,,
K_095,Kindergarten,HKSPC MR & MRS THOMAS TAM NURSERY SCHOOL,,22.30739905,114.2290492,105,,,,
K_096,Kindergarten,GARDEN ESTATE BAPTIST NURSERY SCHOOL,,22.31556536,114.2200744,91,,,,
K_097,Kindergarten,HONG KONG CHRISTIAN SERVICE KWUN TONG NURSERY SCHOOL,,22.31296173,114.2295753,178,,,,
K_098,Kindergarten,BUDDHIST CHI WAI DAY NURSERY,,22.31830972,114.2234626,111,,,,
K_099,Kindergarten,CARITAS NURSERY SCHOOL - LEI YUE MUN,,22.29441796,114.2405439,87,,,,
K_100,Kindergarten,CARITAS NURSERY SCHOOL - YAU TONG,,22.29887086,114.2384594,107,,,,
K_101,Kindergarten,CREATIVE DAY NURSERY (SCENEWAY),,22.30591656,114.2334547,312,,,,
K_102,Kindergarten,HONG KONG STUDENT AID SOCIETY PO TAT NURSERY,,22.31770847,114.2390597,76,,,,
K_103,Kindergarten,POK OI HOSPITAL SY SIOK CHUN KINDERGARTEN,,22.31716998,114.2296158,95,,,,
K_104,Kindergarten,UNITED CHRISTIAN MEDICAL SERVICE NURSERY SCHOOL,,22.32338359,114.2278516,52,,,,
K_105,Kindergarten,CHRISTIAN LITTLE TREE KINDERGARTEN,,22.32765848,114.215487,142,,,,
K_106,Kindergarten,THE HONG KONG FEDERATION OF YOUTH GROUPS KK CHENG KINDERGARTEN,,22.33025076,114.213294,122,,,,
K_107,Kindergarten,THE SALVATION ARMY CENTALINE CHARITY FUND YAU TONG KINDERGARTEN,,22.30104864,114.2346464,118,,,,
K_108,Kindergarten,CHRISTIAN YOUTH CENTRE KINDERGARTEN (YAU TONG),,22.29886178,114.2385759,225,,,,
K_109,Kindergarten,PO LEUNG KUK LEE SHU FOOK KINDERGARTEN,,22.32929907,114.2264171,364,,,,
K_110,Kindergarten,TWGHS LUCINA LAAM HO KINDERGARTEN,,22.32074451,114.2342857,245,,,,
K_111,Kindergarten,HONG KONG CHRISTIAN SERVICE PARIO KINDERGARTEN,,22.32323344,114.215709,224,,,,
K_112,Kindergarten,S.K.H. KINDLY LIGHT CHURCH HOLY CARPENTER KINDERGARTEN (BRANCH),,22.30280809,114.2387523,190,,,,
K_113,Kindergarten,CHRISTIAN FAMILY SERVICE CENTRE YEOH CHOY WAI HAAN MEMORIAL KINDERGARTEN,,22.32024699,114.2365955,132,,,,
K_114,Kindergarten,LIGHT AND LOVE HOME HAPPY KINDERGARTEN (ON TAI),,22.32718539,114.2281053,137,,,,
K_115,Kindergarten,CHRISTIAN & MISSIONARY ALLIANCE ON TAI KINDERGARTEN,,22.32808845,114.2281056,176,,,,
K_116,Kindergarten,THE CHURCH OF CHRIST IN CHINA HEEP WOH KINDERGARTEN,,22.32810532,114.1675949,266,,,,
K_117,Kindergarten,YAU YAT CHUEN SCHOOL,,22.32789783,114.1726714,1232,,,,
K_118,Kindergarten,DELIA ENGLISH PRIMARY SCHOOL & KINDERGARTEN,,22.33496508,114.1419872,289,,,,
K_119,Kindergarten,SHAM SHUI PO BAPTIST CHURCH KINDERGARTEN,,22.3403591,114.159003,174,,,,
K_120,Kindergarten,THE CHURCH OF CHRIST IN CHINA SHUM OI CHURCH KINDERGARTEN,,22.33203365,114.16808,113,,,,
K_121,Kindergarten,N-M-S' LUTHERAN KINDERGARTEN,,22.33429151,114.1739914,193,,,,
K_122,Kindergarten,ST. THOMAS' CHURCH KINDERGARTEN,,22.3332165,114.1654396,191,,,,
K_123,Kindergarten,SUEN MEI KINDERGARTEN,,22.33628334,114.1410356,219,,,,
K_124,Kindergarten,GUIDEPOSTS KINDERGARTEN,,22.33764653,114.1391812,334,,,,
K_125,Kindergarten,WESTERN PACIFIC KINDERGARTEN,,22.31284366,114.1682656,199,,,,
K_126,Kindergarten,BUDDHIST TSANG KOR SING ANGLO-CHINESE KINDERGARTEN,,22.33236668,114.1559852,145,,,,
K_127,Kindergarten,THE CHURCH OF CHRIST IN CHINA KEI CHUN KINDERGARTEN,,22.3317437,114.1570142,153,,,,
K_128,Kindergarten,SHENG KUNG HUI SHAM SHUI PO KEI OI CHURCH KINDERGARTEN,,22.33886912,114.1596148,246,,,,
K_129,Kindergarten,EVANGELICAL LUTHERAN CHURCH OF HONG KONG NAM CHEONG KINDERGARTEN,,22.32584689,114.1584128,145,,,,
K_130,Kindergarten,SHAM SHUI PO TAK SHIN KINDERGARTEN,,22.32659664,114.160354,66,,,,
K_131,Kindergarten,HONG KONG Y.W.C.A ATHENA KINDERGARTEN,,22.3321774,114.159004,231,,,,
K_132,Kindergarten,TSUNG TSIN PRIMARY SCHOOL AND KINDERGARTEN (LOCAL STREAM),,22.32908063,114.1677307,750,,,,
K_133,Kindergarten,JAMES ANGLO-CHINESE KINDERGARTEN (SHAM SHUI PO),,22.33513069,114.1618673,129,,,,
K_134,Kindergarten,CHE LOK KINDERGARTEN,,22.32765341,114.1624019,166,,,,
K_135,Kindergarten,CHE LOK KINDERGARTEN,,22.32765341,114.1624019,36,,,,
K_136,Kindergarten,CHRISTIAN ALLIANCE LOUEY CHOY KWAN LOK KINDERGARTEN,,22.3372882,114.1548584,208,,,,
K_137,Kindergarten,TSUNG TSIN MISSION PAK TIN GRACEFUL KINDERGARTEN,,22.33611546,114.1677691,199,,,,
K_138,Kindergarten,PO LEUNG KUK LAU CHAN SIU PO KINDERGARTEN,,22.32730042,114.1552288,224,,,,
K_139,Kindergarten,THE SALVATION ARMY PAK TIN NURSERY SCHOOL,,22.33717209,114.1689048,83,,,,
K_140,Kindergarten,PRECIOUS BLOOD KINDERGARTEN (SHAM SHUI PO),,22.33318911,114.1618286,194,,,,
K_141,Kindergarten,HONG KONG YOUNG WOMEN'S CHRISTIAN ASSOCIATION SHIU PONG NURSERY SCHOOL,,22.33125718,114.1718851,85,,,,
K_142,Kindergarten,HKSPC CHEUNG SHA WAN NURSERY SCHOOL,,22.34002496,114.1588866,95,,,,
K_143,Kindergarten,HONG KONG YOUNG WOMEN'S CHRISTIAN ASSOCIATION CHIU OI WAH NURSERY SCHOOL,,22.3376585,114.1552272,84,,,,
K_144,Kindergarten,HONG KONG SHENG KUNG HUI KEI OI NURSERY SCHOOL,,22.33147287,114.157752,89,,,,
K_145,Kindergarten,CHEUNG SHA WAN KAI FONG WELFARE ASSOCIATION LAM TAM YIN WAH KINDERGARTEN,,22.33325159,114.155325,89,,,,
K_146,Kindergarten,HONG KONG CHRISTIAN SERVICE TAI HANG TUNG NURSERY SCHOOL,,22.33026376,114.170167,161,,,,
K_147,Kindergarten,HONG KONG CHRISTIAN SERVICE LEI CHENG UK NURSERY SCHOOL,,22.33816467,114.1589936,146,,,,
K_148,Kindergarten,BAPTIST OI KWAN SOCIAL SERVICE PUI YAN PRE-PRIMARY SCHOOL,,22.33460598,114.1538881,133,,,,
K_149,Kindergarten,PENTECOSTAL CHURCH OF HONG KONG NAM CHEONG NURSERY SCHOOL,,22.32699367,114.1574517,100,,,,
K_150,Kindergarten,HONG KONG CHRISTIAN SERVICE SHEK KIP MEI NURSERY SCHOOL,,22.33339711,114.165459,170,,,,
K_151,Kindergarten,YAN OI TONG PONG LO SHUK YIN KINDERGARTEN,,22.33261807,114.1466763,378,,,,
K_152,Kindergarten,PO LEUNG KUK ANGELA LEONG ON KEI KINDERGARTEN,,22.33318044,114.1664685,93,,,,
K_153,Kindergarten,HONG KONG LING LIANG CHURCH SAU TAK KINDERGARTEN,,22.33471319,114.1468311,114,,,,
K_154,Kindergarten,HONG KONG LING LIANG CHURCH SAU TAK KINDERGARTEN(CAMPUS 2),,22.33471319,114.1468311,458,,,,
K_155,Kindergarten,TSUNG TSIN MISSION OF HONG KONG ON HONG NURSERY SCHOOL (SHUN NING ROAD),,22.33726156,114.158518,108,,,,
K_156,Kindergarten,TWGHS MR. & MRS. TAM KAM KAU KINDERGARTEN,,22.32764263,114.1489487,251,,,,
K_157,Kindergarten,THE SALVATION ARMY SO UK KINDERGARTEN,,22.34037693,114.1570227,273,,,,
K_158,Kindergarten,GUIDEPOSTS KINDERGARTEN (NAM CHEONG BRANCH),,22.3298462,114.1495986,207,,,,
K_159,Kindergarten,SHUN SANG ANGLO-CHINESE KINDERGARTEN,,22.34815153,114.2018044,270,,,,
K_160,Kindergarten,A-ONE KINDERGARTEN,,22.33632072,114.2063841,122,,,,
K_161,Kindergarten,REDEMPTION LUTHERAN KINDERGARTEN,,22.34110835,114.1971242,376,,,,
K_162,Kindergarten,CHRISTIAN EVANGELICAL CENTRE LOK FU KINDERGARTEN,,22.33607023,114.1870668,134,,,,
K_163,Kindergarten,HONG KONG AND MACAU LUTHERAN CHURCH SHEK ON MEMORIAL KINDERGARTEN,,22.34037677,114.1979395,179,,,,
K_164,Kindergarten,LOK SIN TONG KU LEE KWOK SIN KINDERGARTEN,,22.34473893,114.1946589,146,,,,
K_165,Kindergarten,S.K.H. KINDLY LIGHT CHURCH OR PUI CHEUNG KINDERGARTEN,,22.34585872,114.1945911,175,,,,
K_166,Kindergarten,HO TAK KINDERGARTEN (SPONSORED BY SIK SIK YUEN),,22.34575968,114.191669,108,,,,
K_167,Kindergarten,BUDDHIST FOO HONG KINDERGARTEN,,22.33893217,114.1955804,208,,,,
K_168,Kindergarten,HONG KONG BETHEL CHURCH GIDEON KINDERGARTEN,,22.33791233,114.189154,63,,,,
K_169,Kindergarten,HONG KONG TAOIST ASSOCIATION YUEN YUEN KINDERGARTEN (TUNG TAU ESTATE),,22.33374901,114.1917843,146,,,,
K_170,Kindergarten,PO LEUNG KUK KAM HING KINDERGARTEN,,22.34423263,114.1993671,429,,,,
K_171,Kindergarten,GRACE METHODIST CHURCH KINDERGARTEN,,22.34420683,114.1863102,124,,,,
K_172,Kindergarten,LOK FU RHENISH CHURCH KINDERGARTEN,,22.34091971,114.1860382,155,,,,
K_173,Kindergarten,HO LAP KINDERGARTEN (SPONSORED BY SIK SIK YUEN),,22.34720373,114.1990472,146,,,,
K_174,Kindergarten,SHARON LUTHERAN CHURCH KINDERGARTEN (TSZ OI BRANCH),,22.34951547,114.1996495,110,,,,
K_175,Kindergarten,OUR LADY'S KINDERGARTEN,,22.34433247,114.1953966,480,,,,
K_176,Kindergarten,DIAMOND HILL LING LIANG KINDERGARTEN,,22.34083661,114.2028418,350,,,,
K_177,Kindergarten,GRACEFIELD EAST KOWLOON CHRISTIAN KINDERGARTEN,,22.34255386,114.1913386,128,,,,
K_178,Kindergarten,TSZ CHING ESTATE BODHI SIKSA KINDERGARTEN,,22.34918087,114.2027657,115,,,,
K_179,Kindergarten,EVANGELIZE CHINA FELLOWSHIP BLESSINGS CREATIVITY KINDERGARTEN,,22.34766353,114.2039886,146,,,,
K_180,Kindergarten,HONG KONG KINDERGARTEN ASSOCIATION PRE-SCHOOL,,22.33319469,114.2134986,184,,,,
K_181,Kindergarten,BGCAHK CHEERLAND KINDERGARTEN (WONG TAI SIN),,22.34306848,114.1926007,93,,,,
K_182,Kindergarten,TWGHS FONG SHIU YEE NURSERY SCHOOL,,22.34291541,114.1870868,74,,,,
K_183,Kindergarten,NEW KOWLOON WOMEN ASSOCIATION TSZ WAN SHAN NURSERY,,22.34990337,114.2024357,79,,,,
K_184,Kindergarten,PO LEUNG KUK WONG SIU CHING KINDERGARTEN,,22.33491041,114.2138776,86,,,,
K_185,Kindergarten,PO LEUNG KUK TSE WONG PUI KUEN KINDERGARTEN,,22.34789894,114.2000666,107,,,,
K_186,Kindergarten,PO LEUNG KUK FONG TAM YUEN LEUNG (TSZ WAN SHAN) KINDERGARTEN,,22.3482416,114.2033189,124,,,,
K_187,Kindergarten,TSUNG TSIN MISSION OF HONG KONG ON KEUNG NURSERY SCHOOL,,22.34289577,114.2016384,94,,,,
K_188,Kindergarten,TWGHS KWAN FONG NURSERY SCHOOL,,22.34428786,114.1897662,33,,,,
K_189,Kindergarten,FIVE DISTRICTS BUSINESS WELFARE ASSOCIATION KINDERGARTEN,,22.3401249,114.1879699,65,,,,
K_190,Kindergarten,FIVE DISTRICTS BUSINESS WELFARE ASSOCIATION CHEUNG CHUK SHAN KINDERGARTEN,,22.34181231,114.2002695,105,,,,
K_191,Kindergarten,SISTERS OF THE IMMACULATE HEART OF MARY WONG TAI SIN KINDERGARTEN,,22.34103644,114.1941828,190,,,,
K_192,Kindergarten,LOK FU RHENISH NURSERY,,22.34143445,114.1861353,88,,,,
K_193,Kindergarten,SAN PO KONG RHENISH NURSERY,,22.33501286,114.1959196,101,,,,
K_194,Kindergarten,HONG KONG YOUNG WOMEN'S CHRISTIAN ASSOCIATION CHOI WAN NURSERY SCHOOL,,22.3329688,114.2140518,65,,,,
K_195,Kindergarten,HONG KONG YOUNG WOMEN'S CHRISTIAN ASSOCIATION FAITH HOPE NURSERY SCHOOL,,22.33835439,114.1939204,69,,,,
K_196,Kindergarten,CHRISTIAN & MISSIONARY ALLIANCE FU SHAN NURSERY SCHOOL,,22.34280416,114.2090744,117,,,,
K_197,Kindergarten,CARITAS KAI YAU NURSERY SCHOOL,,22.33628643,114.1935415,82,,,,
K_198,Kindergarten,JONATHAN INNOVATIVE ENGLISH KINDERGARTEN,,22.34146011,114.2002694,155,,,,
K_199,Kindergarten,TAK SUN KINDERGARTEN,,22.30388546,114.1723228,420,,,,
K_200,Kindergarten,SEMPLE KINDERGARTEN,,22.32462828,114.163732,330,,,,
K_201,Kindergarten,THE SALVATION ARMY CHAN KWAN TUNG KINDERGARTEN,,22.31110089,114.1715364,238,,,,
K_202,Kindergarten,MONG KOK AGNES ENGLISH KINDERGARTEN,,22.31909275,114.1668384,119,,,,
K_203,Kindergarten,CANNAN KINDERGARTEN (CHARMING GARDEN),,22.31334015,114.1651695,342,,,,
K_204,Kindergarten,DOMINIC SAVIO KINDERGARTEN (OLYMPIC BRANCH),,22.31688914,114.1647615,330,,,,
K_205,Kindergarten,C C C MONGKOK CHURCH JEANNETTE KINDERGARTEN,,22.32195558,114.1693133,279,,,,
K_206,Kindergarten,SUN ISLAND KINDERGARTEN (METRO HARBOUR BRANCH),,22.32451963,114.1605677,240,,,,
K_207,Kindergarten,LITTLE BUDS KINDERGARTEN,,22.30630545,114.1673052,122,,,,
K_208,Kindergarten,THE SALVATION ARMY HOI FU NURSERY SCHOOL,,22.31634727,114.1643248,106,,,,
K_209,Kindergarten,THE SALVATION ARMY LAI CHI KOK NURSERY SCHOOL,,22.32570299,114.1645861,87,,,,
K_210,Kindergarten,THE HONG KONG FEDERATION OF YOUTH GROUPS CHING LOK KINDERGARTEN (YAUMATEI),,22.30736204,114.1675865,99,,,,
K_211,Kindergarten,PO LEUNG KUK LUI KAM TAI KINDERGARTEN,,22.31979691,114.163616,89,,,,
K_212,Kindergarten,YAN OI TONG CHAN CHENG YUK YEE KINDERGARTEN,,22.30464353,114.1633554,97,,,,
K_213,Kindergarten,HKSPC HONG KONG BANK FOUNDATION NURSERY SCHOOL,,22.30983653,114.1696245,108,,,,
K_214,Kindergarten,YAUMATEI YANG MEMORIAL METHODIST PRE-SCHOOL,,22.31407199,114.1725068,103,,,,
K_215,Kindergarten,HKSPC BOC NURSERY SCHOOL,,22.32034717,114.1576176,81,,,,
K_216,Kindergarten,HKSPC PARK'N SHOP STAFF CHARITABLE FUND NURSERY SCHOOL,,22.32608243,114.1669253,144,,,,
K_217,Kindergarten,HKSPC PORTLAND STREET NURSERY SCHOOL,,22.3260734,114.1669738,148,,,,
K_218,Kindergarten,HONG KONG CHRISTIAN SERVICE CENTRAL NURSERY SCHOOL,,22.31856001,114.1679352,97,,,,
K_219,Kindergarten,PROSPEROUS GARDEN BAPTIST NURSERY SCHOOL,,22.31087498,114.1681783,85,,,,
K_220,Kindergarten,THE SALVATION ARMY CATHERINE BOOTH NURSERY SCHOOL,,22.31108283,114.1715364,89,,,,
K_221,Kindergarten,HEEP HONG SOCIETY HEALTHY KIDS NURSERY SCHOOL,,22.31605834,114.1649169,85,,,,
K_222,Kindergarten,CLEMENT KINDERGARTEN,,22.32477257,114.1614025,137,,,,
PS_001,Primary School,Jordan Road Government Primary School,佐敦道官立小學,22.30618813,114.1688774,50,,,,
PS_002,Primary School,St Mary’s Canossian School,嘉諾撒聖瑪利學校,22.30291924,114.175603,47,,,,
PS_003,Primary School,Tak Sun School,德信學校,22.30388546,114.1723228,49,,,,
PS_004,Primary School,TWGHS Lo Yu Chik Primary School,東華三院羅裕積小學,22.3143519,114.171216,81,,,,
PS_005,Primary School,CCC Wanchai Church Kei To Primary School,中華基督教會灣仔堂基道小學,22.31131752,114.1688674,53,,,,
PS_006,Primary School,Yaumati Kaifong Association School,油蔴地街坊會學校,22.31022493,114.171682,24,,,,
PS_007,Primary School,Methodist School,循道學校,22.30853629,114.1767676,35,,,,
PS_008,Primary School,Yaumati Catholic Primary School,油蔴地天主教小學,22.31138971,114.1679551,58,,,,
PS_009,Primary School,Yaumati Catholic Primary School (Hoi Wang Road,油蔴地天主教小學（海泓道）,22.31341231,114.1640921,46,,,,
PS_010,Primary School,TKDS Fong Shu Chuen School,東莞同鄉會方樹泉學校,22.31129041,114.1685665,88,,,,
PS_011,Primary School,Fresh Fish Traders’ School,鮮魚行學校,22.3246554,114.164062,40,,,,
PS_012,Primary School,CCC Kei Tsun Primary School,中華基督教會基全小學,22.32265045,114.1621598,107,,,,
PS_013,Primary School,Tai Kok Tsui Catholic Primary School,大角嘴天主教小學,22.32209958,114.1621695,58,,,,
PS_014,Primary School,Tai Kok Tsui Catholic Primary School (Hoi Fan Road,大角嘴天主教小學（海帆道）,22.32222531,114.1558314,41,,,,
PS_015,Primary School,Tong Mei Road Government Primary School,塘尾道官立小學,22.32284037,114.1657025,76,,,,
PS_016,Primary School,Sharon Lutheran School,路德會沙崙學校,22.31893911,114.1650622,62,,,,
PS_017,Primary School,SKH Kei Wing Primary School,聖公會基榮小學,22.32237092,114.1679544,50,,,,
PS_018,Primary School,CCC Heep Woh Primary School,中華基督教會協和小學,22.32400563,114.1720989,64,,,,
PS_019,Primary School,KWWC Li Ping Memorial School,九龍婦女福利會李炳紀念學校,22.31289806,114.1755059,25,,,,
PS_020,Primary School,Chan Sui Ki (La Salle)Primary School,陳瑞祺（喇沙）小學,22.3187679,114.181145,45,,,,
PS_021,Primary School,CCC Wanchai Church Kei To Primary School (Kowloon City,中華基督教會灣仔堂基道小學（九龍城）,22.31550765,114.1859686,37,,,,
PS_022,Primary School,SKH Holy Carpenter Primary School,聖公會聖匠小學,22.31631085,114.1927821,52,,,,
PS_023,Primary School,"Emmanuel Primary School, Kowloon",九龍靈光小學,22.32410465,114.1879492,39,,,,
PS_024,Primary School,ELCHK Hung Hom Lutheran Primary School,基督教香港信義會紅磡信義學校,22.31834313,114.1879973,24,,,,
PS_025,Primary School,Heep Yunn Primary School,協恩中學附屬小學,22.32172074,114.1853187,34,,,,
PS_026,Primary School,SKH Good Shepherd Primary School,聖公會牧愛小學,22.31810835,114.1878808,25,,,,
PS_027,Primary School,Ling To Catholic Primary School,天主教領島學校,22.31473126,114.1793202,84,,,,
PS_028,Primary School,Ma Tau Chung Government Primary School,馬頭涌官立小學,22.32460141,114.1868136,58,,,,
PS_029,Primary School,Farm Road Government Primary School,農圃道官立小學,22.32079051,114.1866678,47,,,,
PS_030,Primary School,St Rose of Lima’s School,聖羅撒學校,22.32629946,114.1750593,47,,,,
PS_031,Primary School,Hop Yat Church School,合一堂學校,22.32079982,114.1794465,49,,,,
PS_032,Primary School,St. Eugene de Mazenod Oblate Primary School,獻主會聖馬善樂小學,22.31984234,114.1860465,61,,,,
PS_033,Primary School,Oblate Primary School,獻主會小學,22.31583232,114.1918212,50,,,,
PS_034,Primary School,PLK Stanley Ho Sau Nan Primary School,保良局何壽南小學,22.33137231,114.204432,37,,,,
PS_035,Primary School,SKH Holy Cross Primary School,聖公會聖十架小學,22.33240181,114.2043448,58,,,,
PS_036,Primary School,Baptist Rainbow Primary School,浸信會天虹小學,22.34468521,114.1897468,62,,,,
PS_037,Primary School,Holy Angels Canossian School,天神嘉諾撒學校,22.31061305,114.1862789,35,,,,
PS_038,Primary School,Ma Tau Chung Government Primary School (Hung Hom Bay,馬頭涌官立小學（紅磡灣）,22.30237703,114.1878893,62,,,,
PS_039,Primary School,SKH Fung Kei Primary School,聖公會奉基小學,22.3047789,114.191393,50,,,,
PS_040,Primary School,SKH Fung Kei Millennium Primary School,聖公會奉基千禧小學,22.30442672,114.1912571,47,,,,
PS_041,Primary School,GCEPSA Whampoa Primary School,葛量洪校友會黃埔學校,22.3033069,114.1914899,97,,,,
PS_042,Primary School,"Alliance Primary School, Whampoa",黃埔宣道小學,22.30319858,114.1909367,47,,,,
PS_043,Primary School,SKH St Timothy’s Primary School,聖公會聖提摩太小學,22.31073041,114.1869,72,,,,
PS_044,Primary School,"Alliance Primary School, Tai Hang Tung",大坑東宣道小學,22.33112166,114.1701379,73,,,,
PS_045,Primary School,SKH St Andrew’s Primary School,聖公會聖安德烈小學,22.33075792,114.1474629,85,,,,
PS_046,Primary School,Five Districts Busi Wel Assn School,五邑工商總會學校,22.34101778,114.1545763,58,,,,
PS_047,Primary School,SKH Kei Fook Primary School,聖公會基福小學,22.33649342,114.1542082,85,,,,
PS_048,Primary School,HK Sze Yap C & I Assn San Wui Commercial Society School,香港四邑商工總會新會商會學校,22.33078753,114.1701476,39,,,,
PS_049,Primary School,Fuk Wing Street Government Primary School,福榮街官立小學,22.33405581,114.1594406,63,,,,
PS_050,Primary School,Cheung Sha Wan Catholic Primary School,長沙灣天主教小學,22.33398314,114.1558685,38,,,,
PS_051,Primary School,Good Counsel Catholic Primary School,天主教善導小學,22.34038627,114.1597116,78,,,,
PS_052,Primary School,Maryknoll Fathers’ School (Primary Section,瑪利諾神父教會學校（小學部）,22.3314349,114.1458029,36,,,,
PS_053,Primary School,Shamshuipo K/F Wel Assn Primary School,深水埔街坊福利會小學,22.32743689,114.1649936,38,,,,
PS_054,Primary School,SKH St Thomas’ Primary School,聖公會聖多馬小學,22.33440788,114.1583728,45,,,,
PS_055,Primary School,St Francis of Assisi’s Caritas School,聖方濟愛德小學,22.33289154,114.1677693,53,,,,
PS_056,Primary School,The ELCHK Faith Lutheran School,基督教香港信義會深信學校,22.33541091,114.165255,25,,,,
PS_057,Primary School,Ka Ling School of The Precious Blood,寶血會嘉靈學校,22.3301633,114.1566553,73,,,,
PS_058,Primary School,Hoi Ping Chamber of Com Primary School,旅港開平商會學校,22.33435306,114.1534611,38,,,,
PS_059,Primary School,Laichikok Catholic Primary School,荔枝角天主教小學,22.33330484,114.1491611,70,,,,
PS_060,Primary School,Sham Shui Po Government Primary School,深水埗官立小學,22.33323233,114.1476468,106,,,,
PS_061,Primary School,SKH St Clement’s Primary School,聖公會聖紀文小學,22.33483171,114.1536745,56,,,,
PS_062,Primary School,SKH Kei Oi Primary School,聖公會基愛小學,22.33947429,114.1607699,50,,,,
PS_063,Primary School,CCC Heep Woh Primary School (Cheung Sha Wan,中華基督教會協和小學（長沙灣）,22.33461554,114.1579651,69,,,,
PS_064,Primary School,Li Cheng Uk Government Primary School,李鄭屋官立小學,22.33821896,114.1600323,32,,,,
PS_065,Primary School,Father Cucchiara Memorial School,郭怡雅神父紀念學校,22.34819283,114.1075595,96,,,,
PS_066,Primary School,Diocesan Preparatory School,拔萃小學,22.32919827,114.1790001,26,,,,
PS_067,Primary School,La Salle Primary School,喇沙小學,22.32752757,114.1812035,84,,,,
PS_068,Primary School,Bishop Walsh Primary School,華德學校,22.33484204,114.1876298,47,,,,
PS_069,Primary School,Kowloon Tong Government Primary School,九龍塘官立小學,22.33588091,114.178476,54,,,,
PS_070,Primary School,Maryknoll Convent School (Primary Section,瑪利諾修院學校（小學部）,22.32757277,114.179068,71,,,,
PS_071,Primary School,Iu Shan School,耀山學校,22.33007395,114.1867267,15,,,,
PS_072,Primary School,Holy Family Canossian School,嘉諾撒聖家學校,22.33118468,114.1872412,42,,,,
PS_073,Primary School,Holy Family Canossian School (Kowloon Tong,嘉諾撒聖家學校（九龍塘）,22.33647692,114.1786119,56,,,,
PS_074,Primary School,CCC Kei Wa Primary School (Kowloon Tong,中華基督教會基華小學（九龍塘）,22.32965881,114.1804367,56,,,,
PS_075,Primary School,Kowloon Tong Bishop Walsh Catholic School,九龍塘天主教華德學校,22.33449896,114.1862416,50,,,,
PS_076,Primary School,St Patrick’s School,聖博德學校,22.3383729,114.1889308,50,,,,
PS_077,Primary School,Bishop Ford Memorial School,福德學校,22.33513987,114.1900857,87,,,,
PS_078,Primary School,Wong Tai Sin Catholic Primary School,黃大仙天主教小學,22.34094617,114.1938915,76,,,,
PS_079,Primary School,SKH Kei Tak Primary School,聖公會基德小學,22.33706296,114.1944638,50,,,,
PS_080,Primary School,Ng Wah Catholic Primary School,天主教伍華小學,22.33310753,114.1947836,74,,,,
PS_081,Primary School,Price Memorial Catholic Primary School,天主教博智小學,22.34392682,114.187213,90,,,,
PS_082,Primary School,Wong Tai Sin Government Primary School,黃大仙官立小學,22.34096427,114.1935421,94,,,,
PS_083,Primary School,Canossa Primary School,嘉諾撒小學,22.34035879,114.1972988,50,,,,
PS_084,Primary School,"PLK Mrs Chan Nam Chong Memorial Primary
School",保良局陳南昌夫人小學,22.33515725,114.1967447,72,,,,
PS_085,Primary School,CCC Kei Wa Primary School,中華基督教會基華小學,22.33604073,114.206617,50,,,,
PS_086,Primary School,Choi Wan St Joseph’s Primary School,彩雲聖若瑟小學,22.33427862,114.2122952,53,,,,
PS_087,Primary School,Chun Tok School,真鐸學校,22.3402489,114.2070062,37,,,,
PS_088,Primary School,CCC Kei Tsz Primary School,中華基督教會基慈小學,22.35012995,114.1965818,71,,,,
PS_089,Primary School,Islamic Dharwood Pau Memorial Primary School,伊斯蘭鮑伯濤紀念小學,22.34966032,114.1968827,65,,,,
PS_090,Primary School,Ho Lap Primary School (Sponsored by Sik Sik Yuen,嗇色園主辦可立小學,22.34723995,114.19829,59,,,,
PS_091,Primary School,St Bonaventure Catholic Primary School,聖文德天主教小學,22.34483729,114.2019786,62,,,,
PS_092,Primary School,TWS St Bonaventure Catholic Primary School,慈雲山聖文德天主教小學,22.3497678,114.2031153,104,,,,
PS_093,Primary School,PLK Grandmont Primary School,保良局錦泰小學,22.34491803,114.2052307,51,,,,
PS_094,Primary School,"St Patrick’s Catholic Primary School
(Po Kong Village Road",聖博德天主教小學（蒲崗村道）,22.34454791,114.2044443,61,,,,
PS_095,Primary School,Tsz Wan Shan Catholic Primary School,慈雲山天主教小學,22.34584833,114.204328,76,,,,
PS_096,Primary School,Canossa Primary School (San Po Kong,嘉諾撒小學（新蒲崗）,22.33699875,114.2020257,72,,,,
PS_097,Primary School,Buddhist Chi King Primary School,佛教慈敬學校,22.32775959,114.2071491,50,,,,
PS_098,Primary School,Carmel Leung Sing Tak School,迦密梁省德學校,22.32822474,114.2253975,83,,,,
PS_099,Primary School,Jordan Valley St Joseph’s Catholic Primary School,佐敦谷聖若瑟天主教小學,22.32865223,114.2138371,43,,,,
PS_100,Primary School,CB Lui Ming Choi Primary School,浸信宣道會呂明才小學,22.32942868,114.2146042,60,,,,
PS_101,Primary School,Ping Shek Estate Catholic Primary School,坪石天主教小學,22.33413451,114.2105576,85,,,,
PS_102,Primary School,Bishop Paschang Catholic School,天主教柏德學校,22.32868057,114.2078579,80,,,,
PS_103,Primary School,SKH Kowloon Bay Kei Lok Primary School,聖公會九龍灣基樂小學,22.32889762,114.2061593,76,,,,
PS_104,Primary School,Kowloon Bay St John The Baptist Catholic Primary School,九龍灣聖若翰天主教小學,22.32787606,114.2117306,54,,,,
PS_105,Primary School,Hong Kong Taoist Association Wun Tsuen School,香港道教聯合會雲泉學校,22.32767252,114.2297265,62,,,,
PS_106,Primary School,Kwun Tong Government Primary School (Sau Ming Road,觀塘官立小學（秀明道）,22.31526305,114.2339729,53,,,,
PS_107,Primary School,Kwun Tong Government Primary School,觀塘官立小學,22.31645087,114.2181142,72,,,,
PS_108,Primary School,SKH Lee Shiu Keung Primary School,聖公會李兆強小學,22.30683636,114.2371139,62,,,,
PS_109,Primary School,SKH Tak Tin Lee Shiu Keung Primary School,聖公會德田李兆強小學,22.31089113,114.237038,43,,,,
PS_110,Primary School,Man Kiu Association Primary School,閩僑小學,22.31985553,114.2176007,50,,,,
PS_111,Primary School,St John The Baptist Catholic Primary School,聖若翰天主教小學,22.31532977,114.2229667,50,,,,
PS_112,Primary School,LST Yeung Chung Ming Primary School,樂善堂楊仲明學校,22.32028748,114.2232401,55,,,,
PS_113,Primary School,SKH Kei Lok Primary School,聖公會基樂小學,22.32028839,114.2199691,50,,,,
PS_114,Primary School,SKH Kei Hin Primary School,聖公會基顯小學,22.31802239,114.2173187,50,,,,
PS_115,Primary School,CCC Kei Faat Primary School (Yau Tong,中華基督教會基法小學（油塘）,22.29973039,114.2340151,60,,,,
PS_116,Primary School,SKH Yautong Kei Hin Primary School,聖公會油塘基顯小學,22.30005503,114.2353059,64,,,,
PS_117,Primary School,Lam Tin Methodist Primary School,藍田循道衛理小學,22.30711636,114.2369879,62,,,,
PS_118,Primary School,HK Taoist Assn The Yuen Yuen Institute Chan Lui Chung Tak Memorial School,香港道教聯合會圓玄學院陳呂重德紀念學校,22.30052294,114.2398091,94,,,,
PS_119,Primary School,St Edward’s Catholic Primary School,聖愛德華天主教小學,22.31178493,114.2376595,62,,,,
PS_120,Primary School,Lok Wah Catholic Primary School,樂華天主教小學,22.32176893,114.221707,50,,,,
PS_121,Primary School,The Mission Covenant Church Holm Glad Primary School,基督教聖約教會堅樂小學,22.32077241,114.2319466,75,,,,
PS_122,Primary School,Sau Ming Primary School,秀明小學,22.31948073,114.232839,63,,,,
PS_123,Primary School,St Matthew’s Lutheran School (Sau Mau Ping,路德會聖馬太學校（秀茂坪）,22.31677132,114.2335173,47,,,,
PS_124,Primary School,Sau Mau Ping Catholic Primary School,秀茂坪天主教小學,22.31760993,114.2369341,101,,,,
PS_125,Primary School,CCC Kei Faat Primary School,中華基督教會基法小學,22.31244765,114.2275079,25,,,,
PS_126,Primary School,St Antonius Primary School,聖安當小學,22.30161676,114.2368593,54,,,,
PS_127,Primary School,Our Lady of China Catholic Primary School,天主教佑華小學,22.31306982,114.2304295,70,,,,
PS_128,Primary School,SKH St John’s Tsang Shiu Tim Primary School,聖公會聖約翰曾肇添小學,22.31991275,114.2368769,62,,,,
SS_001,Secondary School,CCC MING KEI COLLEGE,中華基督教會銘基書院,22.31896613,114.1641305,93,,,,
SS_002,Secondary School,ELCHK LUTHERAN SECONDARY SCHOOL,基督教香港信義會信義中學,22.31316892,114.1720992,93,,,,
SS_003,Secondary School,HK & KLN CHIU CHOW PUBLIC ASSOCIATION SECONDARY SCHOOL,港九潮州公會中學,22.32202791,114.1713516,93,,,,
SS_004,Secondary School,LAI CHACK MIDDLE SCHOOL,麗澤中學,22.30150122,114.1683051,70,,,,
SS_005,Secondary School,LKWFSL LAU WONG FAT SECONDARY SCHOOL,世界龍岡學校劉皇發中學,22.32572089,114.1626642,93,,,,
SS_006,Secondary School,METHODIST COLLEGE,循道中學,22.30910514,114.1719441,93,,,,
SS_007,Secondary School,NEWMAN CATHOLIC COLLEGE,天主教新民書院,22.31069453,114.1719052,93,,,,
SS_008,Secondary School,QUEEN ELIZABETH SCHOOL,伊利沙伯中學,22.32393336,114.1712933,100,,,,
SS_009,Secondary School,SIR ELLIS KADOORIE SECONDARY SCHOOL (WEST KLN),官立嘉道理爵士中學（西九龍）,22.32254134,114.1554819,72,,,,
SS_010,Secondary School,SKH ALL SAINTS' MIDDLE SCHOOL,聖公會諸聖中學,22.31724174,114.1730697,70,,,,
SS_011,Secondary School,ST FRANCIS XAVIER'S COLLEGE,聖芳濟書院,22.32543197,114.1632854,93,,,,
SS_012,Secondary School,ST MARY'S CANOSSIAN COLLEGE,嘉諾撒聖瑪利書院,22.30309083,114.1761562,40,,,,
SS_013,Secondary School,TRUE LIGHT GIRLS' COLLEGE,真光女書院,22.31372884,114.172963,93,,,,
SS_014,Secondary School,"WAH YAN COLLEGE, KOWLOON",華仁書院（九龍）,22.31464996,114.173225,117,,,,
SS_015,Secondary School,BUDDHIST TAI HUNG COLLEGE,佛教大雄中學,22.34010615,114.1581876,93,,,,
SS_016,Secondary School,CCC MING YIN COLLEGE,中華基督教會銘賢書院,22.33184404,114.168575,96,,,,
SS_017,Secondary School,CHEUNG SHA WAN CATHOLIC SECONDARY SCHOOL,長沙灣天主教英文中學,22.33857041,114.1539069,100,,,,
SS_018,Secondary School,CMA SECONDARY SCHOOL,廠商會中學,22.33846349,114.1695065,93,,,,
SS_019,Secondary School,CONCORDIA LUTHERAN SCHOOL,路德會協同中學,22.33063408,114.1722054,93,,,,
SS_020,Secondary School,HKSYC&IA WONG TAI SHAN MEMORIAL COLLEGE,香港四邑商工總會黃棣珊紀念中學,22.33466158,114.1685554,93,,,,
SS_021,Secondary School,HOLY TRINITY COLLEGE,寶血會上智英文書院,22.33237684,114.1684585,119,,,,
SS_022,Secondary School,KOWLOON TECHNICAL SCHOOL,九龍工業學校,22.33354103,114.1590912,93,,,,
SS_023,Secondary School,MARYKNOLL FATHERS' SCHOOL,瑪利諾神父教會學校,22.33393027,114.1733896,93,,,,
SS_024,Secondary School,NAM WAH CATHOLIC SECONDARY SCHOOL,天主教南華中學,22.34063801,114.151237,70,,,,
SS_025,Secondary School,OUR LADY OF THE ROSARY COLLEGE,聖母玫瑰書院,22.33295496,114.1727004,93,,,,
SS_026,Secondary School,PO LEUNG KUK TONG NAI KAN JUNIOR SECONDARY COLLEGE,保良局唐乃勤初中書院,22.33908277,114.1408311,138,,,,
SS_027,Secondary School,SKH ST MARY'S CHURCH MOK HING YIU COLLEGE,聖公會聖馬利亞堂莫慶堯中學,22.33134498,114.1478608,93,,,,
SS_028,Secondary School,TACK CHING GIRLS' SECONDARY SCHOOL,德貞女子中學,22.33204964,114.1494331,119,,,,
SS_029,Secondary School,TAK NGA SECONDARY SCHOOL,德雅中學,22.33021873,114.1751854,93,,,,
SS_030,Secondary School,TWGHS CHANG MING THIEN COLLEGE,東華三院張明添中學,22.33865311,114.168992,93,,,,
SS_031,Secondary School,UNITED CHRISTIAN COLLEGE,滙基書院,22.32957746,114.1706912,96,,,,
SS_032,Secondary School,BISHOP HALL JUBILEE SCHOOL,何明華會督銀禧中學,22.32975812,114.1811938,117,,,,
SS_033,Secondary School,CARMEL SECONDARY SCHOOL,迦密中學,22.31016177,114.1796695,93,,,,
SS_034,Secondary School,CCC KEI TO SECONDARY SCHOOL,中華基督教會基道中學,22.31361092,114.1903942,93,,,,
SS_035,Secondary School,CHAN SUI KI (LA SALLE) COLLEGE,陳瑞祺（喇沙）書院,22.31946318,114.1834162,96,,,,
SS_036,Secondary School,COGNITIO COLLEGE (KOWLOON),文理書院（九龍）,22.33351263,114.2040053,93,,,,
SS_037,Secondary School,HOI PING CHAMBER OF COMMERCE SECONDARY SCHOOL,旅港開平商會中學,22.31958067,114.1806112,117,,,,
SS_038,Secondary School,HOLY FAMILY CANOSSIAN COLLEGE,嘉諾撒聖家書院,22.33430937,114.1854068,100,,,,
SS_039,Secondary School,HOMANTIN GOVERNMENT SECONDARY SCHOOL,何文田官立中學,22.32106169,114.1803297,100,,,,
SS_040,Secondary School,JOCKEY CLUB GOVERNMENT SECONDARY SCHOOL,賽馬會官立中學,22.32931563,114.1811744,70,,,,
SS_041,Secondary School,KOWLOON TONG SCHOOL (SECONDARY SECTION),九龍塘學校（中學部）,22.32872869,114.1758455,93,,,,
SS_042,Secondary School,KOWLOON TRUE LIGHT SCHOOL,九龍真光中學,22.33836432,114.1755639,93,,,,
SS_043,Secondary School,LA SALLE COLLEGE,喇沙書院,22.32900855,114.1823198,177,,,,
SS_044,Secondary School,MARYKNOLL CONVENT SCHOOL (SECONDARY SECTION),瑪利諾修院學校（中學部）,22.32819586,114.1802717,126,,,,
SS_045,Secondary School,MUNSANG COLLEGE,民生書院,22.33228647,114.1862221,126,,,,
SS_046,Secondary School,NEW ASIA MIDDLE SCHOOL,新亞中學,22.32084472,114.1861922,93,,,,
SS_047,Secondary School,NOTRE DAME COLLEGE,獻主會聖母院書院,22.32452911,114.1876969,70,,,,
SS_048,Secondary School,PENTECOSTAL SCHOOL,五旬節中學,22.32126034,114.1812906,93,,,,
SS_049,Secondary School,POOI TO MIDDLE SCHOOL,香港培道中學,22.33030881,114.1856978,93,,,,
SS_050,Secondary School,RHENISH CHURCH PANG HOK- KO MEMORIAL COLLEGE,禮賢會彭學高紀念中學,22.33438172,114.183116,93,,,,
SS_051,Secondary School,SKH HOLY CARPENTER SECONDARY SCHOOL,聖公會聖匠中學,22.30775927,114.1880353,70,,,,
SS_052,Secondary School,SKH HOLY TRINITY CHURCH SECONDARY SCHOOL,聖公會聖三一堂中學,22.31064039,114.1798733,93,,,,
SS_053,Secondary School,SKH TSOI KUNG PO SECONDARY SCHOOL,聖公會蔡功譜中學,22.31504731,114.1803296,93,,,,
SS_054,Secondary School,ST. TERESA SECONDARY SCHOOL,德蘭中學,22.31884919,114.1805917,93,,,,
SS_055,Secondary School,STFA SEAWARD WOO COLLEGE,順德聯誼總會胡兆熾中學,22.32250653,114.1824166,93,,,,
SS_056,Secondary School,TANG KING PO SCHOOL,鄧鏡波學校,22.32041133,114.1846974,117,,,,
SS_057,Secondary School,THE YWCA HIOE TJO YOENG COLLEGE,基督教女青年會丘佐榮中學,22.31970702,114.1831056,96,,,,
SS_058,Secondary School,TWGHS WONG FUT NAM COLLEGE,東華三院黃笏南中學,22.32918019,114.1800484,117,,,,
SS_059,Secondary School,WA YING COLLEGE,華英中學,22.31946321,114.18263,96,,,,
SS_060,Secondary School,YU CHUN KEUNG MEMORIAL COLLEGE,余振強紀念中學,22.31863249,114.1786117,70,,,,
SS_061,Secondary School,BUDDHIST HUNG SEAN CHAU MEMORIAL COLLEGE,佛教孔仙洲紀念中學,22.33844258,114.2081221,93,,,,
SS_062,Secondary School,CCC HEEP WOH COLLEGE,中華基督教會協和書院,22.3467694,114.2046194,93,,,,
SS_063,Secondary School,CCC KEI HEEP SECONDARY SCHOOL,中華基督教會基協中學,22.33861633,114.1934544,70,,,,
SS_064,Secondary School,CCC ROTARY SECONDARY SCHOOL,中華基督教會扶輪中學,22.34166005,114.1886205,70,,,,
SS_065,Secondary School,CHI LIN BUDDHIST SECONDARY SCHOOL,佛教志蓮中學,22.34028514,114.206414,119,,,,
SS_066,Secondary School,CHOI HUNG ESTATE CATHOLIC SECONDARY SCHOOL,彩虹邨天主教英文中學,22.33537239,114.207044,93,,,,
SS_067,Secondary School,HO LAP COLLEGE (SPSD BY THE SIK SIK YUEN),可立中學（嗇色園主辦）,22.33669258,114.1955995,93,,,,
SS_068,Secondary School,KIT SAM LAM BING YIM SECONDARY SCHOOL,潔心林炳炎中學,22.34118165,114.1852228,93,,,,
SS_069,Secondary School,LEE KAU YAN MEMORIAL SCHOOL,李求恩紀念中學,22.33193356,114.1947446,93,,,,
SS_070,Secondary School,LOK SIN TONG WONG CHUNG MING SECONDARY SCHOOL,樂善堂王仲銘中學,22.33390226,114.1945119,93,,,,
SS_071,Secondary School,LOK SIN TONG YU KAN HING SECONDARY SCHOOL,樂善堂余近卿中學,22.34158802,114.185184,93,,,,
SS_072,Secondary School,NG WAH CATHOLIC SECONDARY SCHOOL,天主教伍華中學,22.33256564,114.195298,93,,,,
SS_073,Secondary School,OUR LADY'S COLLEGE,聖母書院,22.34502766,114.1967655,93,,,,
SS_074,Secondary School,PHC WING KWONG COLLEGE,五旬節聖潔會永光書院,22.34190383,114.1892612,93,,,,
SS_075,Secondary School,PLK CELINE HO YAM TONG COLLEGE,保良局何蔭棠中學,22.34490019,114.2039104,117,,,,
SS_076,Secondary School,PLK NO.1 WH CHEUNG COLLEGE,保良局第一張永慶中學,22.34631769,114.2056678,117,,,,
SS_077,Secondary School,SALVATION ARMY WILLIAM BOOTH SECONDARY SCHOOL,救世軍卜維廉中學,22.34691371,114.2056485,70,,,,
SS_078,Secondary School,SHENG KUNG HUI ST BENEDICT'S SCHOOL,聖公會聖本德中學,22.3352913,114.2060247,70,,,,
SS_079,Secondary School,ST BONAVENTURE COLLEGE & HIGH SCHOOL,聖文德書院,22.34614737,114.1973967,93,,,,
SS_080,Secondary School,STEWARDS POOI TUN SECONDARY SCHOOL,香港神託會培敦中學,22.34027577,114.2081711,93,,,,
SS_081,Secondary School,TAK OI SECONDARY SCHOOL,德愛中學,22.34753704,114.2043672,93,,,,
SS_082,Secondary School,BUDDHIST HO NAM KAM COLLEGE,佛教何南金中學,22.30043286,114.2392365,93,,,,
SS_083,Secondary School,CCC KEI CHI SECONDARY SCHOOL,中華基督教會基智中學,22.31683744,114.224491,93,,,,
SS_084,Secondary School,CCC MONG MAN WAI COLLEGE,中華基督教會蒙民偉書院,22.31606797,114.23045,93,,,,
SS_085,Secondary School,FDBWA SZETO HO SECONDARY SCHOOL,五邑司徒浩中學,22.306512,114.2350951,93,,,,
SS_086,Secondary School,HK SKH BISHOP HALL SECONDARY SCHOOL,香港聖公會何明華會督中學,22.31435106,114.2336716,93,,,,
SS_087,Secondary School,HKWMA CHU SHEK LUN SECONDARY SCHOOL,香港布廠商會朱石麟中學,22.32742458,114.2115169,70,,,,
SS_088,Secondary School,KO LUI SECONDARY SCHOOL,高雷中學,22.321831,114.2256865,93,,,,
SS_089,Secondary School,KWUN TONG GOVERNMENT SECONDARY SCHOOL,觀塘官立中學,22.33312783,114.2270688,100,,,,
SS_090,Secondary School,KWUN TONG KUNG LOK GOVERNMENT SECONDARY SCHOOL,觀塘功樂官立中學,22.31828297,114.2222494,70,,,,
SS_091,Secondary School,KWUN TONG MARYKNOLL COLLEGE,觀塘瑪利諾書院,22.3184798,114.2284224,96,,,,
SS_092,Secondary School,LEUNG SHEK CHEE COLLEGE,梁式芝書院,22.31457704,114.2330506,96,,,,
SS_093,Secondary School,MARYKNOLL SECONDARY SCHOOL,瑪利諾中學,22.32471911,114.2309678,93,,,,
SS_094,Secondary School,MISSION COVENANT CHURCH HOLM GLAD COLLEGE,基督教聖約教會堅樂中學,22.31424348,114.2314005,96,,,,
SS_095,Secondary School,NING PO COLLEGE,寧波公學,22.31658525,114.2221615,93,,,,
SS_096,Secondary School,NING PO NO.2 COLLEGE,寧波第二中學,22.32471999,114.2282597,93,,,,
SS_097,Secondary School,NLSI LUI KWOK PAT FONG COLLEGE,新生命教育協會呂郭碧鳳中學,22.31919335,114.228015,93,,,,
SS_098,Secondary School,PO CHIU CATHOLIC SECONDARY SCHOOL,天主教普照中學,22.29817566,114.2380321,93,,,,
SS_099,Secondary School,SHUN LEE CATHOLIC SECONDARY SCHOOL,順利天主教中學,22.3331461,114.2264185,96,,,,
SS_100,Secondary School,SING YIN SECONDARY SCHOOL,聖言中學,22.33176745,114.2152454,119,,,,
SS_101,Secondary School,SKH KEI HAU SECONDARY SCHOOL,聖公會基孝中學,22.30582566,114.2351239,93,,,,
SS_102,Secondary School,SKH LEUNG KWAI YEE SECONDARY SCHOOL,聖公會梁季彜中學,22.31384618,114.2312645,93,,,,
SS_103,Secondary School,ST ANTONIUS GIRLS' COLLEGE,聖安當女書院,22.30080333,114.2386544,93,,,,
SS_104,Secondary School,ST CATHARINE'S SCHOOL FOR GIRLS,聖傑靈女子中學,22.31929511,114.2196485,117,,,,
SS_105,Secondary School,ST JOSEPH'S ANGLO-CHINESE SCHOOL,聖若瑟英文中學,22.33219147,114.216954,93,,,,
SS_106,Secondary School,ST PAUL'S SCHOOL (LAM TIN),藍田聖保祿中學,22.30866948,114.2373573,117,,,,
SS_107,Secondary School,THE HKTA CHING CHUNG SECONDARY SCHOOL,香港道教聯合會青松中學,22.3141527,114.2327689,93,,,,
SS_108,Secondary School,YCH LAW CHAN CHOR SI COLLEGE,仁濟醫院羅陳楚思中學,22.32819292,114.2078578,93,,,,
SS_109,Secondary School,BUDDHIST SIN TAK COLLEGE,佛教善德英文中學,22.36224334,114.1298637,93,,,,
SS_110,Secondary School,BUDDHIST YIP KEI NAM MEMORIAL COLLEGE,佛教葉紀南紀念中學,22.34889754,114.1083164,93,,,,
SS_111,Secondary School,CARITAS ST JOSEPH SECONDARY SCHOOL,明愛聖若瑟中學,22.35658021,114.1030215,70,,,,
SS_112,Secondary School,CARMEL ALISON LAM FOUNDATION SECONDARY SCHOOL,迦密愛禮信中學,22.35081174,114.1337217,93,,,,
SS_113,Secondary School,CCC CHUEN YUEN COLLEGE,中華基督教會全完中學,22.36851905,114.1281042,93,,,,
SS_114,Secondary School,CCC YENCHING COLLEGE,中華基督教會燕京書院,22.3623699,114.1054942,93,,,,
SS_115,Secondary School,CNEC CHRISTIAN COLLEGE,中華傳道會安柱中學,22.36395262,114.1394848,93,,,,
SS_116,Secondary School,CNEC LEE I YAO MEMORIAL SECONDARY SCHOOL,中華傳道會李賢堯紀念中學,22.35928767,114.1213696,93,,,,
SS_117,Secondary School,COTTON SPINNERS ASSOCIATION SECONDARY SCHOOL,棉紡會中學,22.362523,114.1288636,70,,,,
SS_118,Secondary School,DMHC SIU MING CATHOLIC SECONDARY SCHOOL,天主教母佑會蕭明中學,22.36533139,114.1285131,93,,,,
SS_119,Secondary School,HKSYC&IA CHAN NAM CHONG MEMORIAL COLLEGE,香港四邑商工總會陳南昌紀念中學,22.34546438,114.1291898,70,,,,
SS_120,Secondary School,HKTA THE YUEN YUEN INST NO. 1 SECONDARY SCHOOL,香港道教聯合會圓玄學院第一中學,22.36648984,114.1379501,93,,,,
SS_121,Secondary School,JU CHING CHU SECONDARY SCHOOL (KWAI CHUNG),裘錦秋中學（葵涌）,22.37021107,114.1407551,93,,,,
SS_122,Secondary School,KIANGSU-CHEKIANG COLLEGE (KWAI CHUNG),葵涌蘇浙公學,22.36146591,114.1271649,93,,,,
SS_123,Secondary School,KWAI CHUNG METHODIST COLLEGE,葵涌循道中學,22.35222868,114.130634,93,,,,
SS_124,Secondary School,LAI KING CATHOLIC SECONDARY SCHOOL,荔景天主教中學,22.35278753,114.1270903,93,,,,
SS_125,Secondary School,LINGNAN DR CHUNG WING KWONG MEMORIAL SECONDARY SCHOOL,嶺南鍾榮光博士紀念中學,22.35296831,114.1276339,93,,,,
SS_126,Secondary School,LIONS CLUBS INTERNATIONAL TSEUNG CHUI KING COLLEGE,獅子會蔣翠琼中學,22.3596589,114.1243112,93,,,,
SS_127,Secondary School,LOK SIN TONG KU CHIU MAN SECONDARY SCHOOL,樂善堂顧超文中學,22.36064305,114.1237671,93,,,,
SS_128,Secondary School,LOK SIN TONG LEUNG CHIK WAI MEMORIAL SCHOOL,樂善堂梁植偉紀念中學,22.3504641,114.0978794,93,,,,
SS_129,Secondary School,PLK LO KIT SING (1983) COLLEGE,保良局羅傑承（一九八三）中學,22.3492838,114.103637,93,,,,
SS_130,Secondary School,POPE PAUL VI COLLEGE,保祿六世書院,22.36313066,114.138718,93,,,,
SS_131,Secondary School,QCOBA SECONDARY SCHOOL,皇仁舊生會中學,22.36132887,114.0999995,93,,,,
SS_132,Secondary School,SALESIANS OF DB NG SIU MUI SECONDARY SCHOOL,天主教慈幼會伍少梅中學,22.36676762,114.1297651,70,,,,
SS_133,Secondary School,SHEK LEI CATHOLIC SECONDARY SCHOOL,石籬天主教中學,22.37180046,114.1408129,93,,,,
SS_134,Secondary School,SKH LAM WOO MEMORIAL SECONDARY SCHOOL,聖公會林護紀念中學,22.36510619,114.1304259,93,,,,
SS_135,Secondary School,STFA LEE SHAU KEE COLLEGE,順德聯誼總會李兆基中學,22.36086004,114.1245632,93,,,,
SS_136,Secondary School,THE METHODIST LEE WAI LEE COLLEGE,李惠利中學,22.36545764,114.1279111,93,,,,
SS_137,Secondary School,TWGHS CHEN ZAO MEN COLLEGE,東華三院陳兆民中學,22.36441038,114.1288727,93,,,,
SS_138,Secondary School,TWGHS MRS WU YORK YU MEMORIAL COLLEGE,東華三院伍若瑜夫人紀念中學,22.37099676,114.1408811,93,,,,
SS_139,Secondary School,TWGHS SC GAW MEMORIAL COLLEGE,東華三院吳祥川紀念中學,22.35263321,114.1016159,93,,,,
OS_001,Public Open Space,Seaside Sonata,愛海頌,22.32708193,114.1598676,1500.503,,,,
OS_002,Public Open Space,Cullinan West,匯璽,22.32680324,114.1536953,1000,,,,
OS_003,Public Open Space,The Hong Kong Polytechnic University,香港理工大學,22.30452301,114.1798756,6434,,,,
OS_004,Public Open Space,Grand Central,凱滙,22.31450368,114.2239011,5749,,,,
OS_005,Public Open Space,Phase 8 Development of the Hong Kong Polytechnic University,香港理工大學八期,22.30624451,114.1791966,7941,,,,
OS_006,Public Open Space,Hong Kong Metropolitan University,香港都會大學,22.31742406,114.1797638,500,,,,
OS_007,Public Open Space,Vista,海峯,22.33317067,114.1609065,250,,,,
OS_008,Public Open Space,K11,K11,22.2974283,114.1733419,1200,,,,
OS_009,Public Open Space,Beacon Lodge,豐盛居,22.34000619,114.1554696,250,,,,
OS_010,Public Open Space,Prosperous Garden,駿發花園,22.31044123,114.1684986,7510,,,,
OS_011,Public Open Space,Metro Harbour View,港灣豪庭,22.3245282,114.160466,9800,,,,
OS_012,Public Open Space,International Trade Tower,International Trade Tower,22.31531289,114.2174441,1006,,,,
OS_013,Public Open Space,Olympian City 1,奧海城1期,22.32064484,114.157239,7800,,,,
OS_014,Public Open Space,Laguna Verde,海逸豪園,22.3089597,114.1921989,13000,,,,
OS_015,Public Open Space,Royal Peninsula,半島豪庭,22.30522158,114.1844734,2700,,,,
OS_016,Public Open Space,Jubilant Place,欣榮花園,22.32135906,114.1895205,1800,,,,
OS_017,Public Open Space,Kingston International Centre,金利豐國際中心,22.32364982,114.2099727,"4,400",,,,
OS_018,Public Open Space,Heya Crystal,喜薈,22.33951844,114.1547513,150.016,,,,
OS_019,Public Open Space,Kowloon Station Development,九龍站物業發展,22.3055101,114.1624139,17000,,,,
OS_020,Public Open Space,HSBC Centre,滙豐中心,22.31874881,114.1607819,3900,,,,
OS_021,Public Open Space,Fu On Street CLP Substation,富安街中華電力變電站,22.33721695,114.1847372,606,,,,
OS_022,Public Open Space,The Church of Jesus Christ of Latter-Day Saints Hong Kong China Temple,耶穌基督後期聖徒教會中國香港聖殿,22.34028754,114.1773306,593,,,,
OS_023,Public Open Space,Olympian City Two,奧海城二期,22.31509161,114.1628497,8900,,,,
OS_024,Public Open Space,Sceneway Garden,匯景花園,22.30488608,114.235405,4840,,,,
OS_025,Public Open Space,Heya Aqua,喜漾,22.33899736,114.1544309,150.431,,,,
OS_026,Public Open Space,Communication and Visual Arts Building of Hong Kong Baptist University,香港浸會大學傳理視藝大樓,22.33417697,114.1822278,1800,,,,
OS_027,Public Open Space,"One Harbour Front, Two Harbour Front and Harbour Grand Kowloon",海濱廣場一座、海濱廣場二座及九龍海逸君綽酒店,22.30266531,114.1927417,970,,,,
OS_028,Public Open Space,Trinity Towers,丰滙,22.3286733,114.1595675,580,,,,
OS_029,Public Open Space,Ngau Tau Kok Park,牛頭角公園,22.32298436,114.2150159,20000,,,,
OS_030,Public Open Space,Po Kong Village Road / Shung Wah Street Sitting-out Area,蒲崗村道 / 崇華街休憩處,22.34587074,114.1995906,90000,,,,
OS_031,Public Open Space,Jordan Valley Park,佐敦谷公園,22.32984225,114.2218066,63000,,,,
OS_032,Public Open Space,Wai Lok Street Temporary Soccer Pitch,偉樂街臨時足球場,22.30397107,114.2260365,5200,,,,
OS_033,Public Open Space,Cornwall Street Park,歌和老街公園,22.33887904,114.1739903,23067.9,,,,
OS_034,Public Open Space,Fung Tak Park,鳳德公園,22.34238515,114.1980553,10700,,,,
OS_035,Public Open Space,Nam Cheong Park,南昌公園,22.32409123,114.1574113,47400,,,,
OS_036,Public Open Space,West Kowloon Waterfront Promenade,西九龍海濱長廊,22.30069709,114.1545691,20000,,,,
OS_037,Public Open Space,Kowloon Walled City Park,九龍寨城公園,22.33165589,114.1898271,31000,,,,
OS_038,Public Open Space,Nan Lian Garden,南蓮園池,22.33912956,114.2045257,35000,,,,
OS_039,Public Open Space,Yuen Po Street Bird Garden,園圃街雀鳥花園,22.32577476,114.1738033,3000,,,,
OS_040,Public Open Space,Kowloon Park,九龍公園,22.30011781,114.1702102,133000,,,,
OS_041,Public Open Space,Lai Chi Kok Park,荔枝角公園,22.3394756,114.1369849,176500,,,,
OS_042,Public Open Space,Shek Kip Mei Park,石硤尾公園,22.33858998,114.170982,78500,,,,
OS_043,Public Open Space,Hoi Fai Road Promenade,海輝道海濱花園,22.31697205,114.1582851,4000,,,,
OS_044,Public Open Space,Ngau Chi Wan Park,牛池灣公園,22.33615123,114.2138022,40000,,,,
OS_045,Public Open Space,Hoi Fai Road Park,海輝道公園,22.31705453,114.1558226,9500,,,,
OS_046,Public Open Space,King Fuk Street Sitting-out Area,景福街休憩處,22.33386391,114.1962314,1010,,,,
OS_047,Public Open Space,Kam Fung Street Sitting-out Area,金鳳街休憩處,22.34487565,114.1979996,1280,,,,
OS_048,Public Open Space,Wing Hong Street Rest Garden,永康街休憩花園,22.3402211,114.1513439,2500,,,,
OS_049,Public Open Space,Lung Cheung Road Lookout,龍翔道眺望處,22.34284928,114.1714243,3000,,,,
OS_050,Public Open Space,Kai Tak Avenue Park,啟德大道公園,22.32979782,114.2013549,32000,,,,
OS_051,Public Open Space,On Sau Road Park,安秀道公園,22.3229847,114.232035,14070,,,,
OS_052,Public Open Space,Tong Yam Street Hillside Sitting-out Area,棠蔭街山邊休憩處,22.32840315,114.1698565,680,,,,
