estate_name,district_name,region_name,map_latitude,map_longitude,sold_under,year_of_completion,type_of_block,no_of_blocks,name_of_block,no_of_flats,gross_floor_area_of_flt,saleable_area_of_flats,initial_sale_price,owners_corporation,reg_management_office,property_management,carpark_management,court_website,further_information
Yee Ching Court,Sham Shui Po,Kowloon,22.33214,114.15979,13C,1993,Harmony,3,Han Ching House Ning Ching House Yat Ching House,672,55 - 82,39 - 59,568700 - 1038400,Formed,Kowloon West and Sai Kung District Tenancy Management Office (3) G/F  Lai Ping House  Lai On Estate  Sham Shui Po Telephone: 2725 5750 Fax: 2708 3870,Appointed by Owners' Corporation,-,-,-
Po Hei Court,Sham Shui Po,Kowloon,22.33728,114.15941,14B,1993,Non-Standard,2,Fu Hei House Wing Hei House,390,52 - 72,41 - 58,828900 - 1333700,Formed,Kowlooon West and Sai Kung District Tenancy Management Office (11) G/F.  Lai Mei House  Lai Kok Estate  Sham Shui Po Telephone: 2361 0070 Fax: 2148 2463,Appointed by Owners' Corporation,-,-,-
Po Lai Court,Sham Shui Po,Kowloon,22.33816,114.15819,8B,1987,Non-Standard,3,Po Fook House Po Chak House Po Hong House,378,49 - 58,38 - 45,256500 - 353300,Formed,Kowloon West and Sai Kung District Tenancy Management Office (11) G/F  Lai Mei House  Lai Kok Estate  Sham Shui Po  Telephone: 2361 0070 Fax: 2148 2463,Appointed by Owners' Corporation,-,-,-
Yee Kok Court,Sham Shui Po,Kowloon,22.33325,114.1578,3A 5A,1981,Old-Cruciform,7,Yee Lok House Yee Mei House Yee Kin House Yee Tai House Yee Hong House Yee Yan House Yee Sau House,694,61 - 63,49 - 49,279900 - 375900,Formed,Kowloon West and Sai Kung District Tenancy Management Office (3) G/F  Lai Ping House  Lai On Estate  Sham Shui Po Telephone: 2725 5750 Fax: 2708 3870,Appointed by Owners' Corporation,Owned and operated by private corporation,-,-
Hoi Fu Court,Yau Tsim Mong,Kowloon,22.3164,114.16434,Buy-or-Rent Option,2000,Harmony,1,Hoi Ning Court,629,26 - 81,19 - 59,402300 - 1702500,Formed,Kowlooon West and Sai Kung District Tenancy Management Office (11) G/F  Hoi Tai House  Hoi Fu Court Mongkok  Telephone: 2625 4370 Fax: 2625 5071,Creative Property Services Consultants Ltd. G/F  Hoi Lam House  Hoi Fu Court  Mong Kok Telephone: 2625 4640 Fax: 2625 4397,Owned and operated by private corporation,-,-
Charming Garden,Yau Tsim Mong,Kowloon,22.3137,114.165,19A  19B,1998,Private Sector Participation Scheme,18,Block 1 - Block 18,3 908,46 - 64,40 - 55,1337100 - 2754000,Formed,Kowlooon West and Sai Kung District Tenancy Management Office (11) G/F  Hoi Tai House   Hoi Fu Court Mongkok  Telephone: 2625 4370  Fax: 2625 5071,Appointed by Owners' Corporation,-,-,-
Kwun Fai Court,Kowloon City,Kowloon,22.31406,114.18245,Mortgage Subsidy Scheme,1999,Harmony,2,Ming Fai House Ko Fai House,300,51 - 80,26 - 58,533200 - 1359700,Formed,Kowloon West & Sai Kung District Tenancy Management Office (4)  G/F  Nga Man House  Homantin Estate  Kowloon  Telephone : 2242 0277 Fax : 2194 1305,Urban Property Management Ltd. G/F  Ming Fai House  Kwun Fai Court  No. 1 Sheung Lok Street  Homantin. Telephone: 2242 0603 Fax: 2242 0603 Web site: www.urban.com.hk,-,-,-
Kwun Hei Court,Kowloon City,Kowloon,22.31437,114.18327,21A,2000,Harmony,1,Kwun Hei Court,796,26 - 75,19 - 55,373000 - 1634100,Formed,Kowloon West & Sai Kung District Tenancy Management Office (4)  G/F  Nga Man House  Homantin Estate  Kowloon  Telephone : 2242 0277 Fax : 2194 1305,Appointed by Owners' Corporation,-,-,-
Pang Ching Court,Wong Tai Sin,Kowloon,22.34578,114.19072,12B,1991,Trident 3,1,Pang Ching Court,816,46 - 64,35 - 49,327000 - 534500,Formed,Wong Tai Sin District Tenancy Management Office (4) Podium  Temple Mall North  136 Lung Cheung Road  Wong Tai Sin Telephone: 3572 0040 Fax: 3572 0044,Appointed by Owners' Corporation,Owned and operated by private corporation,-,-
Hong Nga Court,Kwun Tong,Kowloon,22.30568,114.23831,13C 14A,1993,Harmony,3,Tao Nga House Lai Nga House Heng Nga House,1 824,55 - 82,40 - 60,571400 - 1140500,Formed,Housing Department Shun On Estate Office G/F  On Chung House  Shun On Estate  Kwun Tong  Kowloon Telephone: 2342 8259 Fax: 2763 6041,Appointed by Owners' Corporation,,-,-
Hang Chun Court,Sham Shui Po,Kowloon,22.33621,114.15303,21A,2001,NCB,2,Chun Lai House Chun Yin House,740,46 - 74,37 - 59,796800 - 1684000,Formed,Kowloon West & Sai Kung District Tenancy Management Office(3) G/F  Lai Mei House  Lai Kok Estate  Sham Shui Po Tel: 2361 0070  (24-Hr Telephone: 2204 1027) Fax: 2148 2463,Appointed by Owners' Corporation,Yue Xiu APT Parking Limited 27/F.  Seabright Plaza  9-23 Shell Street  North Point  Hong Kong Telephone: 2512 9611 Fax: 2512 9617 Email: info@yuexiuproperty.com,-,-
Chun Man Court,Kowloon City,Kowloon,22.31508,114.17976,1,1981,Non-Standard,12,Man Fuk House Man Pan House Man Lan House Man Hor House Man Chung House Man Hoi House Man Hung House Man Hei House Man Ming House Man Oi House Man Shui House Man Yin House,1 800,54 - 66,45 - 55,123500 - 165900,Formed,Kowloon West and Sai Kung 1 District Tenancy Management Office 407-415  Kar Man House  Oi Man Estate  Homantin  Kowloon. Telephone: 2713 0121 Fax: 2768 7653,Appointed by Owners' Corporation,Yue Xiu Apt Parking Limited Ground Floor  Kwun Shan Court  60 Ko Shan Road  To Kwa Wan  Kowloon Tel: 2365 2378 Fax: 2385 4600,-,-
Grand View Garden,Wong Tai Sin,Kowloon,22.34114,114.20753,20A,2000,Private Sector Participation Scheme,6,Tower 1 - Tower 6,2 230,44 - 63,38 - 54,835800 - 1594700,Formed,Tsz Wan Shan District Tenancy Management Office  Unit 211-224  Ban Fung House  Fung Tak Estate  Kowloon. Telephone: 2324 0096 Fax: 2752 8665,Appointed by Owners' Corporation,-,-,-
Fung Chuen Court,Wong Tai Sin,Kowloon,22.34397,114.19927,13B,1991,Trident,1,Fung Chuen Court,612,46 - 73,34 - 55,398800 - 815300,Formed,Tsz Wan Shan District Tenancy Management Office  Room 211-224  Ban Fung House  Fung Tak Estate  Telephone: 2324 0096  Fax: 2752 8665,Appointed by Owners' Corporation,-,-,-
Fung Lai Court,Wong Tai Sin,Kowloon,22.34435,114.2025,18A,1997,NCB,2,Fung Hei House Fung Yan House,690,46 - 75,37 - 59,759300 - 1689000,Formed,Tsz Wan Shan District Tenancy Management Office  Room 211-224  Ban Fung House  Fung Tak Estate  Telephone: 2324 0096  Fax: 2752 8665,Appointed by Owners' Corporation,Owned and operated by private corporation,-,-
Tsui Chuk Garden,Wong Tai Sin,Kowloon,22.34677,114.18889,10B  10C  12B,1989  1991,Private Sector Participation Scheme,14,Block 1 - Block 14,3 524,44 - 62,40 - 56,285500 - 707300,Formed,Wong Tai Sin District Tenancy Management Office (4) Podium  Temple Mall North  136 Lung Cheung Road  Wong Tai Sin Telephone: 3572 0040 Fax: 3572 0044,Appointed by Owners¡¦ Corporation,-,-,-
Tin Wang Court,Wong Tai Sin,Kowloon,22.34456,114.18732,13A,1992,NCB,3,Wang King House Wang Yuen House Wang Mei House,630,48 - 77,37 - 59,494900 - 978900,Formed,Wong Tai Sin District Tenancy Management Office (4) Podium  Temple Mall North  136 Lung Cheung Road  Wong Tai Sin Telephone: 3572 0040 Fax: 3572 0044,Appointed by Owners' Corporation,Owned and operated by private corporation,-,-
Sun Lai Garden,Wong Tai Sin,Kowloon,22.34087,114.20894,7B,1985,Private Sector Participation Scheme,3,Block A Block B Block C,600,41 - 54,35 - 46,180900 - 320900,Formed,Tsz Wan Shan District Tenancy Management Office  Unit 211-224  Ban Fung House  Fung Tak Estate  Diamond Hill Telephone: 2324 0096 Fax: 2752 8665,Appointed by Owners' Corporation,-,-,-
King Lai Court,Wong Tai Sin,Kowloon,22.34136,114.21139,11A,1989,NCB,2,King Cheong House King Tai House,700,47 - 76,37 - 59,293700 - 593500,Formed,Tsz Wan Shan District Tenancy Management Office  Unit 211-224  Ban Fung House  Fung Tak Estate  Kowloon. Telephone: 2324 0096 Fax: 2752 8665,Appointed by Owners' Corporation,Owned and operated by private corporation,-,-
Tin Ma Court,Wong Tai Sin,Kowloon,22.34315,114.18798,8A,1986,Windwill,5,Chun Sing House Chun Wai House Chun Fei House Chun On House Chun Hong House,2 800,42 - 52,31 - 38,150000 - 290000,Formed,Wong Tai Sin District Tenancy Management Office (4) Podium  Temple Mall North  136 Lung Cheung Road  Wong Tai Sin Telephone: 3572 0040 Fax: 3572 0044,Appointed by Owners' Corporation,Owned and operated by private corporation,-,-
Kingsford Terrace,Wong Tai Sin,Kowloon,22.34056,114.21115,Sales of Surplus HOS Flat Phase 1 & 2,2003,PSPS,5,Block 1 Block 2 Block 3 Block 4 Block 5,2010,46 - 64,39 - 55,981500 - 1985600,Not Yet Formed,Tsz Wan Shan District Tenancy Management Office Unit 211-224  Ban Fung House   Fung Tak Estate  Kowloon. Telephone: 2324 0096 Fax: 2752 8665,Urban Property Management Limited G/F.  Block 2  Kingsford Terrace   8 King Tung Street  Ngau Chi Wan   Kowloon. Telephone: 2325 5019 Fax: 2325 5045 E-mail:kt@emo.urban.com.hk,Urban Property Management Limited G/F.  Block 2  Kingsford Terrace   8 King Tung Street  Ngau Chi Wan  Kowloon. Telephone: 2325 5019 Fax: 2325 5045          E-mail:kt@emo.urban.com.hk,-,-
King Hin Court,Wong Tai Sin,Kowloon,22.34122,114.20884,Sales of Surplus HOS Flat Phase 4,2002,New Cruciform Block,1,King Hin Court,344,46 - 79,37 - 63,874300 - 2355400,Formed,Tsz Wan Shan District Tenancy Management Office  Unit 211-224  Ban Fung House  Fung Tak Estate  Kowloon. Telephone: 2324 0096 Fax: 2752 8665,Appointed by Owners' Corporation,Amano Parking Service Limited  Rm. E  6/F Selwyn Factory Building  404 Kwun Tong Road  Kwun Tong  Kowloon  Telephone: 2570 5690  Fax:  2555 7911  Email: info@amano.com.hk.,-,<a href= /en/common/pdf/global-elements/estate-locator/KingHinCourtCarpark-barrier-free-en.pdf target= _blank >Barrier-Free Access (BFA) Facilities</a>
King Shan Court,Wong Tai Sin,Kowloon,22.34212,114.21061,4A  4B,1982,Flexi 1,6,King Fung House King Pik House King Kui House King Ying House King Yiu House King Wai House,1 584,46 - 63,38 - 52,160600 - 267300,Formed,Tsz Wan Shan District Tenancy Management Office  Unit 211-224  Ban Fung House  Fung Tak Estate  Kowloon. Telephone: 2324 0096 Fax: 2752 8665,Appointed by Owners' Corporation,Amano Parking Service Limited  Rm. E  6/F Selwyn Factory Building  404 Kwun Tong Road  Kwun Tong  Kowloon  Telephone: 2570 5690  Fax:  2555 7911  Email: info@amano.com.hk.,-,<a href= /en/common/pdf/global-elements/estate-locator/KingShanCourtCarpark-barrier-free-en.pdf target= _blank >Barrier-Free Access (BFA) Facilities</a>
Lung Poon Court,Wong Tai Sin,Kowloon,22.34204,114.19985,8B  13A,1987,NCB,7,Lung San House Lung Wu House Lung Chu House Lung Kei House Lung Cheung House Lung Pik House Lung Wan House,3 680,43 - 76,31 - 59,154600 - 1000700,Formed,Tsz Wan Shan District Tenancy Management Office  Unit 211-224  Ban Fung House  Fung Tak Estate   Kowloon. Telephone: 2324 0096  Fax: 2752 8665,Appointed by Owners' Corporation,Amano Parking Service Limited  Rm. E  6/F Selwyn Factory Building  404 Kwun Tong Road  Kwun Tong  Kowloon  Telephone: 2570 5690  Fax:  2555 7911  Email: info@amano.com.hk.,-,-
Tak Keung Court,Wong Tai Sin,Kowloon,22.3388,114.18598,21A,2001,NCB,2,Tak Yin House Tak Wah House,700,47 - 76,37 - 60,879400 - 1922800,Formed,Lok Fu Estate Office Podium Level 1   Hong Kong Housing Authority Customer Service Centre  3 Wang Tau Hom South Road  Kowloon Telephone: 2336 5144 Fax: 2337 6523,Appointed by Owners' Corporation,Amano Parking Service Limited  Rm. E  6/F Selwyn Factory Building  404 Kwun Tong Road  Kwun Tong  Kowloon  Telephone: 2570 5690  Fax:  2555 7911  Email: info@amano.com.hk.,-,<a href= /en/common/pdf/global-elements/estate-locator/TakKeungCourtCarpark_barrier_free-en.pdf target= _blank >Barrier-Free Access (BFA) Facilities</a>
Hong Yat Court,Kwun Tong,Kowloon,22.31099,114.23463,22B,2001,Concord,5,Hong King House Hong Nin House Hong Yu House Hong Lai House Hong Ting House,1 600,61 - 78,47 - 60,1005800 - 1921600,Formed,Housing Department Kowloon East (10) District Tenancy Management Office G/F  Sau Yat House  Sau Mau Ping Estate  101 Sau Mau Ping Road  Kwun Tong  Kowloon Telephone: 2349 1361 Fax: 2389 7462,Hong Yip Service Co. Ltd.  Hong Yat Court Management Office  G/F.  Block A  Hong Yat Court  1  Tak Tin Street  Lam Tin  Kowloon. Telephone: 2354 7273  2354 7232 Fax: 2121 0709 E-mail: hyc135@hongyip.com,Owned and operated by private corporation,-,-
Lei On Court,Kwun Tong,Kowloon,22.30843,114.23261,Phase 24A & Sales of Surplus HOS Flat Phase 3,2002,Concord,6,Lei Hong House Lei Yat House Lei Yan House Lei Yi House Lei King House Lei Ting House,1684,60 - 92,47 - 61,982400 - 2348300,Formed,Housing Department Kowloon East (4) District Tenancy Management Office G/F  Wun Wah House  Lok Wah South Estate  Ngau Tau Kok  Kowloon Telephone: 2755 6613 Fax: 2757 2551,Kai Shing Management Service Ltd. Landscape Podium  Lei On Court  11 Lei Yue Mun Road  Lam Tin Telephone: 2772 2186 Fax: 2772 2189 Web site: http://www.kaishing.com.hk,Amano Parking Service Limited Rm. E  6/F Selwyn Factory Building  404 Kwun Tong Road  Kwun Tong  Kowloon Telephone: 2117 7076 Fax: 2555 7911 Email: info@amano.com.hk,-,<a href= /en/common/pdf/global-elements/estate-locator/LeiOnCourt-barrier-free-en.pdf  target= _blank >Barrier‐Free Access (BFA) Facilities</a>
Chun Wah Court,Kwun Tong,Kowloon,22.32269,114.21768,11C,1990,Flexi 3,1,Chun Wah Court,232,55 - 59,43 - 46,369400 - 486600,Formed,Housing Department Lok Wah (North) Estate Office & Housing Department Kowloon East (6) District Tenancy Management Office G/F  Ping Wah House  Lok Wah (North) Estate  Kowloon Telephone: 2755 5551 Fax: 2750 8597,Appointed by Owners' Corporation,-,-,-
Hiu Lai Court,Kwun Tong,Kowloon,22.32066,114.22857,16B  17A  17B,1997,Harmony,8,Hiu Tin House Hiu Sing House Hiu Ching House Hiu Fai House Hiu On House Hiu Yat House Hiu Wo House Hiu Shun House,4 864,53 - 82,40 - 60,747600 - 1492700,Formed,Housing Department Kowloon East (4) District Tenancy Management Office  G/F  Wun Wah House  Lok Wah South Estate  Ngau Tau Kok  Kowloon Telephone: 2755 6613 Fax: 2757 2551,Kai Shing Management Services Ltd. Wings B & D   G/F  Hiu Fai Court (Block D)  Hiu Lai Court  21  Hiu Kwong Street  Kwun Tong  Kowloon.  Telephone: 2727 7889 Fax: 2727 7329,Wilson Parking (HK) Ltd. Room 2901  Metroplaza  Tower 1  Kwai Fong Telephone: 2487 6138 Fax: 2428 6026 Web site: www.wilsonparking.com.hk E-mail: wphk@wilsonparking.com.hk,-,-
Ko Chun Court,Kwun Tong,Kowloon,22.29906,114.24214,15A  15B,1995,Harmony,5,Chun Wui House Chun Ying House Chun Moon House Chun Yat House Chun Mau House,1 616,54 - 81,39 - 59,724200 - 1319700,Formed,Housing Department Kowloon East (2) District Tenancy Management Office  G/F  Ko Yuet House   Ko Yee Estate  Kowloon. Telephone: 2772 0462 Fax: 2952 9120,Hong Yip Service Co.  Ltd. G/F  Chun Yat House  Ko Chun Court  Yau Tong Telephone: 2347 2788 Fax: 2349 6490 Web site: http://www.hongyip.com.hk,Owned and operated by private corporation,-,-
Po Pui Court,Kwun Tong,Kowloon,22.31771,114.22767,15C,1995,NCB,5,Po Shan House Po Wu House Po Ying House Po Chui House Po Yiu House,1 750,47 - 76,37 - 59,747200 - 1521700,Formed,Housing Department Lok Wah (North) Estate Office & Housing Department Kowloon East (6) District Tenancy Management Office G/F  Ping Wah House  Lok Wah (North) Estate  Kowloon Telephone: 2755 5551 Fax: 2750 8597,Appointed by Owners' Corporation,Owned and operated by private corporation,-,-
Cheung Wo Court,Kwun Tong,Kowloon,22.31969,114.22703,5B,1984,Slab / Flexi 1  2,6,Wo Kwan House Wo Yuet House Wo Shing House Wo Kin House Wo Hang House Wo Tung House,1 584,46 - 63,38 - 52,148200 - 305800,Formed,"Housing Department Kowloon East (1) District Tenancy Management Office G/F.  Wing B  Kai Yan House  Kai Tin Estate  Lam Tin  Kowloon Telephone: 3749 9440		 Fax: 3749 9439",Appointed by Owners' Corporation,Amano Parking Service Limited Rm. E  6/F Selwyn Factory Building  404 Kwun Tong Road  Kwun Tong  Kowloon Telephone: 2117 7076 Fax: 2555 7911  Email: info@amano.com.hk,-,<a href= /en/common/pdf/global-elements/estate-locator/CheungWoCourt-barrier-free-en.pdf  target= _blank >Barrier‐Free Access (BFA) Facilities</a>
Yau Tong Centre,Kwun Tong,Kowloon,22.2947,114.23835,1,1981,Private Sector Participation Scheme,9,Tower 1 - Tower 9,506,45 - 64,37 - 55,82416 - 159300,Formed,Housing Department Shun On Estate Office G/F  On Chung House  Shun On Estate  Kwun Tong  Kowloon Telephone: 2342 8259 Fax: 2763 6041,Appointed by Owners' Corporation,-,-,-
Hong Ying Court,Kwun Tong,Kowloon,22.30811,114.23825,12A,1991,Trident 3,1,Hong Ying Court,816,46 - 64,35 - 49,306700 - 531500,Formed,Housing Department Shun On Estate Office G/F  On Chung House  Shun On Estate  Kwun Tong  Kowloon Telephone: 2342 8259 Fax: 2763 6041,Appointed by Owners' Corporation,-,-,-
Hong Tin Court,Kwun Tong,Kowloon,22.30771,114.23472,3A,1982,Flexi 1,3,Yue Hong House Wo Hong House Kei Hong House,792,43 - 59,37 - 51,181700 - 303400,Formed,Housing Department Shun On Estate Office G/F  On Chung House  Shun On Estate  Kwun Tong  Kowloon Telephone: 2342 8259 Fax: 2763 6041,Urban Property Management Limited Management Office  G/F.  Wo Hong House  Hong Tin Court  31-47 Kai Tin Road  Lam Tin  Kowloon. Telephone: 2717 1621 Fax: 2709 6279 Web site: http: //www.urban.com.hk E-mail: info@urban.com.hk,Amano Parking Service Limited Rm. E  6/F Selwyn Factory Building  404 Kwun Tong Road  Kwun Tong  Kowloon Telephone: 2117 7076 Fax: 2555 7911 Email: info@amano.com.hk,-,<a href= /en/common/pdf/global-elements/estate-locator/HongTinCourt-barrier-free-en.pdf  target= _blank >Barrier‐Free Access (BFA) Facilities</a>
Hong Pak Court,Kwun Tong,Kowloon,22.30191,114.24085,13B,1993,NCB,7,Chung Pak House Lung Pak House Cheung Pak House Shui Pak House Yan Pak House Wing Pak House Kam Pak House,2 410,47 - 76,37 - 59,530100 - 1102700,Formed,Housing Department Kowloon East (10) District Tenancy Management Office G/F  Sau Yat House  Sau Mau Ping Estate  101 Sau Mau Ping Road  Kwun Tong  Kowloon Telephone: 2349 1361 Fax: 2389 7462,Appointed by Owners' Corporation,Owned and operated by private corporation,-,-
Hong Shui Court,Kwun Tong,Kowloon,22.30132,114.24081,19C,1999,NCB,1,Hong Shui Court,350,46 - 74,37 - 59,887300 - 2109100,Formed,Housing Department Kowloon East (10) District Tenancy Management Office G/F  Sau Yat House  Sau Mau Ping Estate  101 Sau Mau Ping Road  Kwun Tong  Kowloon Telephone: 2349 1361 Fax: 2389 7462,Appointed by Owners' Corporation,Owned and operated by private corporation,-,-
Hong Wah Court,Kwun Tong,Kowloon,22.31386,114.23992,8C,1987,Windwill,3,Wang Hong House Yee Hong House Chung Hong House,1 680,43 - 53,32 - 39,154400 - 286800,Formed,Housing Department Kowloon East (5) District Tenancy Management G/F  Lee Foo House  Shun Lee Estate  Kwun Tong  Kowloon Telephone: 2341 8286 Fax: 2763 6066,Appointed by Owners' Corporation,Amano Parking Service Limited Rm. E  6/F Selwyn Factory Building  404 Kwun Tong Road  Kwun Tong  Kowloon Telephone: 2117 7076 Fax: 2555 7911 Email: info@amano.com.hk,-,<a href= /en/common/pdf/global-elements/estate-locator/HongWahCourt-barrier-free-en.pdf  target= _blank >Barrier‐Free Access (BFA) Facilities</a>
Ka Keung Court,Wong Tai Sin,Kowloon,22.34164,114.18462,18B  20B,1998,NCB,2,Ka Wui House Ka Ying House,610,46 - 74,37 - 59,893600 - 1943000,Formed,Wong Tai Sin District Tenancy Management Office (4) Podium  Temple Mall North  136 Lung Cheung Road  Wong Tai Sin Telephone: 3572 0040 Fax: 3572 0044,Appointed by Owners' Corporation,Amano Parking Service Limited  Rm. E  6/F Selwyn Factory Building  404 Kwun Tong Road  Kwun Tong  Kowloon  Telephone: 2570 5690  Fax:  2555 7911  Email: info@amano.com.hk.,-,<a href= /en/common/pdf/global-elements/estate-locator/KaKeungCourtCarpark-barrier-free-en.pdf target= _blank >Barrier-Free Access (BFA) Facilities</a>
Lok Nga Court,Kwun Tong,Kowloon,22.32312,114.2197,5A,1984,Flexi 2,6,Nga Yat House Nga Ching House Nga Tsui House Nga Yee House Nga Wo House Nga Ping House,1 331,48 - 54,40 - 44,191500 - 254200,Formed,Housing Department Lok Wah (North) Estate Office & Housing Department Kowloon East (6) District Tenancy Management Office G/F  Ping Wah House  Lok Wah (North) Estate  Kowloon Telephone: 2755 5551 Fax: 2750 8597,Appointed by Owners' Corporation,Owned and operated by private corporation,-,-
Richland Gardens,Kwun Tong,Kowloon,22.32974,114.20698,6B,1985,Private Sector Participation Scheme,22,Block 1 - Block 22,5 904,43 - 57,37 - 50,188300 - 340600,Not Yet Formed,Housing Department Kowloon East (10) District Tenancy Management Office G/F  Sau Yat House  Sau Mau Ping Estate  101 Sau Mau Ping Road  Kwun Tong  Kowloon Telephone: 2349 1361 Fax: 2389 7462,Shui On Property Management Ltd. G/F  Block 9  Richland Gardens  Kowloon Bay Telephone: 2754 7600 Fax: 2305 4638 Email: sopm@shuion.com.hk,-,-,-
Rhythm Garden,Wong Tai Sin,Kowloon,22.33599,114.20194,21B,2000,Private Sector Participation Scheme,12,Block 1 - Block 12,3 000,46 - 64,40 - 55,878800 - 1767800,Not Yet Formed,Tsz Ching Estate Office  G/F  Ching Hong House  Tsz Ching Estate  Telephone: 2325 0104  Fax: 2351 4358,Urban Property Management Ltd. G/F  Block 10  Rhythm Garden  No. 242 Choi Hung Road  San Po Kong Telephone: 2142 4000 Fax: 2142 4101,-,-,-
Tsz Oi Court,Wong Tai Sin,Kowloon,22.34987,114.19812,17A  17B  20B,1997  2000,New Cruciform  Concord,12,Tsz Oi Court Stage I & II Oi Wai House Oi Yin House Oi Kan House Oi Ning House Oi Yan House Oi Chung House  Tsz Oi Court Stage III Oi Fu House Oi Yue House Oi Wing House Oi Wah House Oi Hong House Oi Cheung House,4 020,46 - 79,37 - 60,748500 - 2094600,Formed,Tsz Ching Estate Office  G/F  Ching Hong House  Tsz Ching Estate  Telephone: 2325 0104  Fax: 2351 4358,Tsz Oi Court Stage I & II Hong Yip Service Company Limited G/F  Oi Yin House  Tsz Oi Court 2 Wan Wah Street  Tsz Wan Shan Tel: 2322 9221 Fax: 2329 3677  Tsz Oi Court Stage III Guardian Property Management Ltd G/F  Property Management Office  Tsz Oi Court Phase 3  No 120  Tsz Wan Shan Raod.  Tsz Wan Shan. Tel: 3149 5655 Fax: 3149 5658,Owned and operated by private corporation,-,-
Tsz On Court,Wong Tai Sin,Kowloon,22.34825,114.20129,15A  17B,1994  1997,Harmony,2,On Yan House On Hong House,972,55 - 83,38 - 60,749600 - 1379300,Formed,Tsz Ching Estate Office  G/F  Ching Hong  House  Tsz Ching Estate  Tsz Wan Shan  Telephone: 2325 0104  Fax: 2351 4358,Appointed by Owners' Corporation,-,-,-
Hong Keung Court,Wong Tai Sin,Kowloon,22.33717,114.18952,20A,1999,Harmony,1,Hong Keung Court,640,53 - 80,39 - 60,809600 - 1892800,Formed,Wong Tai Sin District Tenancy Management Office (4) Podium  Temple Mall North  136 Lung Cheung Road  Wong Tai Sin Telephone: 3572 0040 Fax: 3572 0044,Appointed by Owners' Corporation,Owned and operated by private corporation,-,-
Kai Tai Court,Kwun Tong,Kowloon,22.32829,114.2107,4A,1983,Old-Cruciform,4,Kai Pong House Kai On House Kai Hong House Kai Fan House,624,62 - 62,50 - 50,203100 - 240700,Formed,Housing Department Kai Yip Estate Office G/F  Kai Yin House  Kai Yip Estate  Kowloon Telephone: 2757 3710 Fax: 2757 2471,Appointed by Owners' Corporation,Amano Parking Service Limited Rm. E  6/F Selwyn Factory Building  404 Kwun Tong Road  Kwun Tong  Kowloon Telephone: 2117 7076 Fax: 2555 7911 Email: info@amano.com.hk,-,<a href= /en/common/pdf/global-elements/estate-locator/KaiTaiCourt-barrier-free-en.pdf  target= _blank >Barrier‐Free Access (BFA) Facilities</a>
Choi Fung Court,Wong Tai Sin,Kowloon,22.33492,114.21306,18A,1997,Harmony,1,A,608,53 - 80,39 - 60,760600 - 1524700,Formed,Choi Wan (1) Estate Tenancy Management Office  Unit 108-115  G/F  Boon Yuet House  Choi Wan Estate  Telephone: 2750 7211 Fax: 2750 8477,Appointed by Owners' Corporation,Amano Parking Service Limited  Rm. E  6/F Selwyn Factory Building  404 Kwun Tong Road  Kwun Tong  Kowloon  Telephone: 2570 5690  Fax:  2555 7911  Email: info@amano.com.hk.,-,<a href= /en/common/pdf/global-elements/estate-locator/ChoiFungCourtCarpark-barrier-free-en.pdf target= _blank >Barrier-Free Access (BFA) Facilities</a>
Fu Keung Court,Wong Tai Sin,Kowloon,22.34044,114.18437,11C  13A  14C,1991,NCB,6,Fu Yue House Fu Ning House Fu Hong House Fu Wo House Fu Yat House Fu Nga House,1 370,47 - 78,37 - 59,319700 - 1587200,Formed,Wong Tai Sin District Tenancy Management Office (4) Podium  Temple Mall North  136 Lung Cheung Road  Wong Tai Sin Telephone: 3572 0040 Fax: 3572 0044,Hong Yip Service Conpany Limited (Block A);  Shui On Property Management Company Limited (Blocks B & C); ISS EastPoint Properties Limited (Blocks D  E & F) G/F.  Fu Yue House  Fu Keung Court  8 Fu Mei Street  Wang Tau Hom (Block A);  G/F.  Fu Ning House  Fu Keung Court  8 Fu Mei Street  Wang Tau Hom (Block B & C);  G/F.  Fu Wo House  Fu Keung Court  8 Fu Mei Street  Wang Tau Hom (Block D  E & F) Telephone: 2337 2172 (Block A);                  2338 4966 (Block B & C);                   2336 3316 (Block D E & F) Fax: 2794 9997 (Block A);         2338 4922 (Block B & C);          2336 0299 (Block D  E & F),Amano Parking Service Limited  Rm. E  6/F Selwyn Factory Building  404 Kwun Tong Road  Kwun Tong  Kowloon  Telephone: 2570 5690  Fax:  2555 7911  Email: info@amano.com.hk.,-,<a href= /en/common/pdf/global-elements/estate-locator/FuKeungCourtCarpark-barrier-free-en.pdf target= _blank >Barrier-Free Access (BFA) Facilities</a>
Ching Lai Court,Sham Shui Po,Kowloon,22.3388,114.13495,2B,1981,Non-Standard,7,Lai Hang House Lai Yue House Lai Kin House Lai Tai House Lai Hong House Lai Ning House Lai Sau House,970,44 - 50,36 - 40,187900 - 237500,Formed,Wah Lai Estate Office Unit 703  7/F  Podium   Hei Lai House  Wah Lai Estate  Lai Chi Kok. Telephone: 2242 6442  Fax: 2242 6449,Appointed by Owners' Corporation,Yue Xiu Apt Parking Limited  27 Floor  Seabright Plaza  9-23 Shell Street   North Point  Hong Kong Telephone: 2512 9611  Fax: 2512 9617,-,-
On Kay Court,Kwun Tong,Kowloon,22.32224,114.21746,3B  5B,1982 (Phase 1= Bk A & B) 1984 (Phase 2 = Bk C &D),Flexi 1,4,Kay Yan House Kay Shun House Kay Hong House Kay Yue House,920,46 - 65,38 - 52,185700 - 310000,Formed,Housing Department Kowloon East (4) District Tenancy Management Office G/F  Wun Wah House  Lok Wah South Estate  Ngau Tau Kok  Kowloon Telephone: 2755 6613 Fax: 2757 2551,Appointed by Owners' Corporation,Amano Parking Service Limited Rm. E  6/F Selwyn Factory Building  404 Kwun Tong Road  Kwun Tong  Kowloon Telephone: 2117 7076 Fax: 2555 7911 Email: info@amano.com.hk,-,-
Ying Fuk Court,Wong Tai Sin,Kowloon,22.34663,114.19502,20B,2001,NCB,1,Ying Fuk Court,370,47 - 74,37 - 59,802400 - 1734000,Formed,Wong Tai Sin District Tenancy Management Office (4) Podium  Temple Mall North  136 Lung Cheung Road  Wong Tai Sin Telephone: 3572 0040 Fax: 3572 0044,Appointed by Owners' Corporation,Owned and operated by private corporation,-,-
Shun Chi Court,Kwun Tong,Kowloon,22.332,114.22728,1,1980,Non-Standard,6,Shun Fung/Lung House Shun Cheung/Wing House Shun Ying/Fai House Shun Wah/Mei House Shun Tai/Shing House Shun Hong/Ning House,1 539,49 - 77,41 - 65,80900 - 158100,Formed,Housing Department Kowloon East (5) District Tenancy Management G/F  Lee Foo House  Shun Lee Estate  Kwun Tong  Kowloon Telephone: 2341 8286 Fax: 2763 6066,Appointed by Owners' Corporation,Amano Parking Service Limited Rm. E  6/F Selwyn Factory Building  404 Kwun Tong Road  Kwun Tong  Kowloon Telephone: 2117 7076 Fax: 2555 7911 Email: info@amano.com.hk,-,<a href= /en/common/pdf/global-elements/estate-locator/ShunChiCourt-barrier-free-en.pdf  target= _blank >Barrier‐Free Access (BFA) Facilities</a>
Yau Chui Court,Kwun Tong,Kowloon,22.30034,114.23805,Sales of Surplus HOS Flat Phases 5 and 6,2002,New Cruciform Block,4,Yuk Mei House Yeung Mei House Yat Mei House Wing Mei House,1480,49 - 79,37 - 59,984900 - 2295500,Formed,Housing Department Kowloon East (8) District Tenancy Management Office 2/F  Yuk Shek House  Ping Shek Estate  Kowloon Telephone: 2323 8121 Fax: 2351 4367,Appointed by Owners' Corporation,Amano Parking Service Limited Rm. E  6/F Selwyn Factory Building  404 Kwun Tong Road  Kwun Tong  Kowloon Telephone: 2117 7076 Fax: 2555 7911 Email: info@amano.com.hk,-,<a href= /en/common/pdf/global-elements/estate-locator/YauChuiCourt-barrier-free-en.pdf  target= _blank >Barrier‐Free Access (BFA) Facilities</a>
King Tai Court,Wong Tai Sin,Kowloon,22.335146,114.20047,Sale of Green Form Subsidised Home Ownership Pilot Scheme (GSH),2017,Non-standard block,1,King Tai Court,857,-,17.8 - 45.9,940200 - 2975500,Not Yet Formed,Wong Tai Sin District Tenancy Management Office G/F.  Lung Chi House  Lower Wong Tai Sin (II) Estate  Wong Tai Sin Telephone: 2326 8962 Fax: 2326 6143,Modern Living Property Management Limited G/F.  King Tai Court  118 King Fuk Street  San Po Kong  Kowloon Tel.: 3594 6518 Fax.: 3594 6520,Pioneer Management Limited 1/F  Wui Yan House  Tung Wui Estate  Wong Tai Sin  Kowloon Tel.: 2590 0880 Fax.: 2590 0339,,<a href= /en/common/pdf/global-elements/estate-locator/KingTaiCourtCarpark-barrier-free-en.pdf target= _blank >Barrier-Free Access (BFA) Facilities</a>
Kwun Tak Court,Kowloon City,Kowloon,22.3146,114.1837,Sale of Home Ownership Scheme Flats 2019,2019,Non-standard,3,Kwun Cheong House 、Kwun Shing House 、Kwun Wing House,603,-,41.3 - 52.8,3245100 - 5289900,Formed,Kowloon West & Sai Kung District Tenancy Management Office (4) G/F  Nga Man House  Homantin Estate  Kowloon Telephone: 2242 0277 Fax: 2194 1305,Appointed by Owners' Corporation,Good Excel Property Consultants Ltd. Kwun Tak Court Carpark Management Office 5 Sheung Lok Street  Homantin  Kowloon Telephone: 2670 0121 Fax: --,,<a href= /en/common/pdf/global-elements/estate-locator/KwunTakCourt-barrier-free-en.pdf  target= _blank >Barrier-Free Access (BFA) Facilities</a>
Hoi Tak Court,Sham Shui Po,Kowloon,22.33092,114.15137,Sale of Home Ownership Scheme Flats 2019,2020,Non-standard,1,Hoi Tak Court,814,-,25.9 - 48.5,1949600 - 4352000,Not Yet Formed,Kowloon West and Sai Kung District Tenancy Management Office (7) Podium Floor  Block 44  Shek Kip Mei Estate   Woh Chai Street  Shamshuipo Telephone: 2777 0280  Fax: 2776 8377,Kong Shum Smart Management Services Limited G/F.  Hoi Tak Court  Cheung Sha Wan  Kowloon  Tel.: 2390 2117 Fax: 2390 2006,Yue Xiu APT Parking Limited Room 2102  21/F.  SUP Tower  75-83 King’s Road  North Point  Hong Kong Tel: 3598 9278 Fax: 2523 7892,N/A,
Choi Hing Court,Kwun Tong,Kowloon,22.33164,114.21354,Sale of Home Ownership Scheme Flats 2017,2019,Non-standard Block,3,Choi Huen House Choi Wui House Choi Kiu House,1358,-,34.2 - 43.5,2482300 - 3840100,Not Yet Formed,Kowloon East (8) District Tenancy Management 2nd Floor  Yuk Shek House  Ping Shek Estate  Kowloon Tel: 2323 8121 Fax: 2351 4367,Creative Property Services Consultants Limited Choi Hing Court Management Office G/F  Choi Huen House (Block A)  Choi Hing Court  1 Choi Sing Lane  Kowloon Bay  Kowloon. Tel: 3595 3494 Fax: 3612 4734,Amano Parking Service Limited Rm. E  6/F Selwyn Factory Building  404 Kwun Tong Road  Kwun Tong  Kowloon Telephone: 2117 7076 Fax: 2555 7911 Email: info@amano.com.hk,,<a href= /en/common/pdf/global-elements/estate-locator/ChoiHingCourt-barrier-free-en.pdf  target= _blank >Barrier‐Free Access (BFA) Facilities</a>
Lai Tsui Court,Sham Shui Po,Kowloon,22.334057,114.15447,Sale of Green Form Subsidised Home Ownership Scheme (GSH),2019,Non-standard,4,Lai Sum House Lai Yung House Lai Tong House Lai Ki House,2545,-,17.1 - 42,932500 - 3062100,Formed,Kowloon West and Sai Kung District Tenancy Management Office (3) 1/F  Lai Kwai House  Lai Kok Estate   Sham Shui Po Telephone: 2361 0217 Fax: 2748 7093,Urban Property Management Limited  G/F  Lai Sum House  Lai Tsui Court Tel: 2766 1186 Fax: 2766 1166,Yue Xiu APT Parking Limited 27/F  Seabright Plaza  9-23 Shell St  North Point Telephone: 2512 9611 Fax: 2512 9617,,<a href= /en/common/pdf/global-elements/estate-locator/LaiTsuiCourtGSH-barrier-free-en.pdf  target= _blank >Barrier-Free Access (BFA) Facilities</a>
Kai Long Court,Kowloon City,Kowloon,22.33045,114.20111,Sale of Home Ownership Scheme Flats 2018,2018,Non Standard Block,3,Kai Yiu House Kai Yat House Kai Yeung House,683,-,26.6 - 43.8,2272800 - 4884000,Not Yet Formed,Kowloon West & Sai Kung District Tenancy Management Office (5) G/F.  Carport Building  Tak Long Estate  Kowloon City  Kowloon. Telephone：2383 0422 Fax：2383 0945,Creative Property Services Consultants Ltd. G/F  Kai Yat House  Kai Long Court  18 Muk On Street  Kowloon City  Kowloon Telephone：3619 2323 Fax：3619 5518,China Overseas Property Services Ltd. Basement  Retail Block  Kai Long Court  18 Muk On Street  Kowloon City  Kowloon Telephone：3590 2286 Fax：-,,<a href= /en/common/pdf/global-elements/estate-locator/KaiLongCourt-barrier-free-en.pdf  target= _blank >Barrier-Free Access (BFA) Facilities</a>
Kai Cheung Court,Wong Tai Sin,Kowloon,22.33895,114.20166,Sales of Home Ownership Scheme Flats 2020,2023,Non-standard type,2,Kai Yi House Kai Yuet House,940,-,27.4 - 46.6,2287400 - 5132700,Not Yet Formed,Tsz Wan Shan District Tenancy Management Office Unit 211-224  Ban Fung House  Fung Tak Estate  Kowloon. Telephone: 2324 0096 Fax: 2752 8665,Kai Fu Property Services Company Limited Kai Cheung Court Management Office G/F  Kai Yi House  Kai Cheung Court  237 Choi Hung Road  Wong Tai Sin Tel.: 2380 3882 Fax: 2381 0226 E-mail: csa.kcc@kaifupsc.com.hk,Amano Parking Service Limited Kai Cheung Court Carpark  237 Choi Hung Road  Wong Tai Sin Telephone: 2336 8800 Email: info@amano.com.hk,,
Kai Chuen Court,Wong Tai Sin,Kowloon,22.33945,114.20081,Green Form Subsidised Home Ownership Scheme 2020/2021,2024,Non-standard,3,Kai Chi House  Kai Tao House  Kai Wu House,2112,-,17.1 - 44.7,1179300 - 3850200,Not Yet Formed,Tsz Wan Shan District Tenancy Management Office Units 211-224  Ban Fung House  Fung Tak Estate  Kowloon. Telephone: 2324 0096 Fax: 2752 8665,Kai Fu Property Services Company Limited Kai Chuen Court Management Office G/F  Kai Wu House  Kai Chuen Court  235 Choi Hung Road  Wong Tai Sin Tel.: 3543 5606 Fax: 3543 5639 E-mail: info.kcu@kaifupsc.com.hk,Pacific Extend Properties Management Limited Kai Chuen Shopping Centre Management Office  3/F  Kai Wang House  Kai Chuen Court  235 Choi Hung Road  Wong Tai Sin Telephone: 3526 8900 Fax: 3526 8903 Email: kcscmo@shuion.com.hk,,
Hoi Lok Court,Sham Shui Po,Kowloon,22.32806,114.1494,Sale of Home Ownership Scheme Flats 2018,2018,Non Standard Block,5,Hoi Pik House Hoi Sha House Hoi Ting House Hoi Yuk House Hoi Tung House,2522,-,35.6 - 58.6,2918100 - 6299100,Not Yet Formed,Kowloon West & Sai Kung District Tenancy Management Office (2) G/F.  Lai Mei House  Lai Kok Estate  Sham Shui Po  Kowloon. Telephone：2361 0070 Fax：2148 2463,Wellpoint Property Management Services Limited  G/F  Hoi Pik House  Hoi Lok Court  3 Lai Ying Street  Cheung Sha Wan  Kowloon Telephone：2186 2400 Fax：2186 2488,Yue Xiu APT Parking Limited Unit 2102  21/F  SUP Tower  75-83 King’s Road  North Point  Hong Kong Tel: 3598 9294 Fax: 2523 7892,,<a href= /en/common/pdf/global-elements/estate-locator/HoiLokCourt-barrier-free-en.pdf  target= _blank >Barrier-Free Access (BFA) Facilities</a>
Kai Yan Court,Kowloon City,Kowloon,22.32736,114.1948,Sale of Home Ownership Scheme Flats 2022,2024,Non-Standard,2,Kai Yun House Kai Tim House,1840,-,17.3 - 41.6,1243800 - 4785400,Not Yet Formed,Kowloon West & Sai Kung District Tenancy Management Office (5) G/F.  Carport Building  Tak Long Estate  Kowloon City  Kowloon. Telephone：2383 0422 Fax：2383 0945,Modern Living Property Management Limited G/F  Kai Yun House  Kai Yan Court  6 Muk Lai Street  Kln Tel: 3152 2323 Fax: 3740 3429,China Overseas Property Services Limited 19/F.  139 Hennessy Road  Wanchai  H.K.  Tel: 2823 7088  Fax: 3102 0683,,
Kai Yuet Court,Kowloon City,Kowloon,22.32524,114.19251,Sale of Home Ownership Scheme Flats 2023,2025,Non-Standard,2,Kai Fung House Kai Wah House,2 046,-,25.8 - 44.1,2230000 - 4940000,Not Yet Formed,Kowloon West & Sai Kung District Tenancy Management Office (5) G/F.  Carport Building  Tak Long Estate  Kowloon City  Kowloon. Telephone：2383 0422 Fax：2383 0945,Kai Fu Property Services Company Limited G/F  Kai Fung House  Kai Yuet Court  2 Muk Wo Street  Kai Tak  Kowloon Tel: 3905 4582 Fax: 3547 0538,China Overseas Property Services Limited G/F  Kai Yuet Court Retail Block  Kai Yuet Court  2 Muk Wo Street  Kai Tak  Kowloon Tel: 3590 2128,,
Ko Wang Court,Kwun Tong,Kowloon,22.29394,114.23923,Sale of Green Form Subsidised Home Ownership Scheme Flats 2022,2025,NCB,2,Ko Lai House Ko Yin House,2021,17.2 - 45.4,17.2 - 45.4,1755000 - 6098100,Not Yet Formed,Housing Department Lei Yue Mun Estate Office G/F  Lei Ye House  Lei Yue Mun Esate  Kowloon Telephone: 2246 5500 Fax: 2246 5510,Kai Fu Property Services Company Limited 4/F  Ancillary Facilities Block  Ko Wang Court  Yau Tong  Kowloon (Temporary Address) Telephone: 3520 3041 Fax: 3542 5654  Email: info.kow@kaifupsc.com.hk,Amano Parking Service Limited Rm. E  6/F Selwyn Factory Building  404 Kwun Tong Road  Kwun Tong  Kowloon Telephone: 2117 7076 Fax: 2555 7911 Email: info@amano.com.hk,-,
Kwun Shan Court,Kowloon City,Kowloon,22.31378,114.18682,Sale of Home Ownership Scheme Flats 2022,2024,Non-Standard,1,Kwun Shan Court,495,-,26.1 - 41.5,1882600 - 3635700,Not Yet Formed,Kowloon West and Sai Kung 1 District Tenancy Management Office 407-415  Kar Man House  Oi Man Estate  Homantin  Kowloon. Telephone: 2713 0121 Fax: 2768 7653,Modern Living Property Management Limited Podium Level 2  Kwun Shan Court  60 Ko Shan Road  To Kwa Wan  Kowloon Tel: 3169 0981 Fax:3740 3365,Yue Xiu Apt Parking Limited Ground Floor  Kwun Shan Court  60 Ko Shan Road  To Kwa Wan  Kowloon Tel: 2365 2378 Fax: 2385 4600,,
