ID,school_no,location_no,school_name,district,joining_kg_edu_scheme,received_grant_for_support_to_ncs_students,address,school_category,student_category,tel,fax,school_website,total_no_of_permitted_accommodationof_classrooms_in_use,TotalEnrollment2023,no_for_enrolment_aged_2_to_3,map_latitude,map_longitude
K_001,132870,1,HEEP YUNN SCHOOL PRIVATE KINDERGARTEN,Kowloon City,Joining,N,"1 FARM ROAD, KOWLOON CITY, KOWLOON",Non-profit-making,Girls,2714 6098,2714 6027,http://www.hykg.edu.hk,240,198,0,22.3213595,114.1856778
K_002,133779,1,FIRST ASSEMBLY OF GOD KINDERGARTEN  (Name in the past: FIRST ASSEMBLY OF GOD PRIMARY SCHOOL AND KINDERGARTEN),Kowloon City,Joining,Y,"123 ARGYLE STREET, KOWLOON CITY, KOWLOON",Non-profit-making,Co-educational,2713 2395,2713 2940,http://faogkg.edu.hk/,267,126,0,22.3206192,114.1737296
K_003,133787,1,AMOY COLLEGE,Kowloon City,Joining,N,"14 TIN KWONG ROAD, KOWLOON CITY, KOWLOON",Non-profit-making,Co-educational,2711 2463,2714 0635,www.amoy.edu.hk,77,53,0,22.32188332,114.1846878
K_004,215678,1,SUN ISLAND ENGLISH KINDERGARTEN,Kowloon City,Joining,Y,"LG/F, G/F & 1/F, PAU CHUNG BUILDING, 152 PAU CHUNG STREET, TO KWA WAN, KOWLOON",Non-profit-making,Co-educational,2714 5545,2834 3322,http://www.sunisland.edu.hk,323,212,12,22.3214495,114.1900358
K_005,312479,1,ST. ROSE OF LIMA'S KINDERGARTEN,Kowloon City,Joining,N,"G/F - 2/F, 104A BOUNDARY STREET & G/F-1/F, 104 BOUNDARY STREET, KOWLOON",Non-profit-making,Co-educational,2338 3138,2337 2623,http://www.roselima.edu.hk,600,532,0,22.32671487,114.1753699
K_006,315907,1,CHRISTIAN YOUTH CENTRE KINDERGARTEN,Kowloon City,Joining,N,"G/F, 103 WATERLOO ROAD, KOWLOON TONG, KOWLOON",Non-profit-making,Co-educational,2337 0072,2337 9798,http://www.cyckg.edu.hk,210,167,43,22.32735604,114.1779809
K_007,324078,1,KOWLOON CITY BAPTIST CHURCH KINDERGARTEN,Kowloon City,Joining,Y,"2/F - 3/F, 206 ARGYLE STREET, KOWLOON",Non-profit-making,Co-educational,2713 1875,2624 5449,http://www.kcbckg.edu.hk,257,125,0,22.32467372,114.1857945
K_008,324477,1,POOI TO PRIMARY SCHOOL,Kowloon City,Joining,Y,"3 FUK CHEUNG STREET, MA TAU CHUNG, KOWLOON",Non-profit-making,Co-educational,2711 2933,2761 3568,http://www.ptps.edu.hk,675,480,0,22.32428537,114.1863283
K_009,324647,1,ST. MARK'S CHURCH BRADBURY KINDERGARTEN,Kowloon City,Joining,Y,"G/F & 2/F - 4/F, 9 SHEK KU STREET, HOMANTIN, KOWLOON",Non-profit-making,Co-educational,2761 3191,2761 3180,http://stmarkschurch.edu.hk,190,142,0,22.31984255,114.1808829
K_010,324680,1,KOWLOON LING LIANG CHURCH KINDERGARTEN,Kowloon City,Joining,Y,"3/F, 1 GRAMPIAN ROAD, KOWLOON CITY, KOWLOON",Non-profit-making,Co-educational,2338 8344,2338 2859,http://www.kllck.edu.hk,249,147,0,22.32753639,114.1862412
K_011,324930,1,KOWLOON CANNAN ANGLO-CHINESE KINDERGARTEN,Kowloon City,Joining,Y,"G/F, 28B GRAMPIAN ROAD, KOWLOON TONG, KOWLOON",Non-profit-making,Co-educational,2336 2096,2339 0330,http://www.cannan.edu.hk,288,242,0,22.31573328,114.1881718
K_012,325040,1,MAY NGA KINDERGARTEN,Kowloon City,Joining,Y,"G/F, 148 &148A PAU CHUNG STREET, & 1/F,146-150 PAU CHUNG STREET, TO KWA WAN, KOWLOON",Non-profit-making,Co-educational,2711 2631,2713 4258,http://www.maynga.edu.hk,193,115,9,22.32127793,114.1899194
K_013,325180,1,HOLY TRINITY CENTRE KINDERGARTEN,Kowloon City,Joining,Y,"G/F, 1/F & 2/F, 139 MA TAU CHUNG ROAD, KOWLOON CITY, KOWLOON",Non-profit-making,Co-educational,2715 4265,2715 7431,http://www.htckg.edu.hk,294,269,54,22.32581137,114.1888133
K_014,325600,1,S.K.H. HOLY TRINITY CHURCH TSANG SHIU TIM KINDERGARTEN,Kowloon City,Joining,Y,"G/F - 2/F, 135 MA TAU CHUNG ROAD, KOWLOON CITY, KOWLOON",Non-profit-making,Co-educational,2713 8109,2760 4605,http://www.tstkg.edu.hk,360,280,0,22.32564883,114.188755
K_015,325775,"1,2",MAY NGA KINDERGARTEN (BRANCH),Kowloon City,Joining,Y,"SHOP A, G/F, 89 HA HEUNG ROAD & 1/F, 91 HA HEUNG ROAD, AND SHOP B, G/F, 89 HA HEUNG ROAD, TO KWA WAN, KOWLOON",Non-profit-making,Co-educational,2764 7319,2330 5307,http://www.maynga.edu.hk,226,149,0,22.31810824,114.1893561
K_016,325856,1,HONG KONG SOKA KINDERGARTEN,Kowloon City,Joining,Y,"4 MORAY ROAD, KOWLOON CITY, KOWLOON",Non-profit-making,Co-educational,2336 6090,2337 1898,http://www.soka.edu.hk,652,645,0,22.33084182,114.1801552
K_017,325988,1,PO LEUNG KUK LI TSUI CHUNG SING MEMORIAL KINDERGARTEN,Kowloon City,Joining,Y,"G/F, KA SHING LAU, 5 FAT KWONG STREET, HUNG HOM, KOWLOON",Non-profit-making,Co-educational,"2330 5506, 2303 1623",2303 0344,https://www.plkkgs.edu.hk/plkltcsmkg/,350,205,0,22.30871662,114.186337
K_018,523526,2,SUN ISLAND ENGLISH KINDERGARTEN (LOK MAN),Kowloon City,Joining,Y,"1/F, BLOCK F, LOK MAN SUN CHUEN, 152 KAU PUI LUNG ROAD, KOWLOON",Non-profit-making,Co-educational,2425 1303,2834 3322,http://www.sunisland.edu.hk,191,168,0,22.31721444,114.1859008
K_019,531910,1,CANNAN KINDERGARTEN (KOWLOON TONG),Kowloon City,Joining,N,"PORTION OF G/F & 1/F, 9 & 11 CUMBERLAND ROAD, KOWLOON TONG, KOWLOON",Non-profit-making,Co-educational,2338 3262,2336 2973,http://www.cannan.edu.hk,784,761,0,22.3280514,114.1764182
K_020,536024,1,HOMANTIN BAPTIST CHURCH KINDERGARTEN,Kowloon City,Joining,Y,"G/F, BLOCK 5, SIK MAN HOUSE, HOMANTIN ESTATE, KOWLOON",Non-profit-making,Co-educational,2242 0024,2242 0086,http://www.hmtbck.edu.hk,101,64,0,22.31499304,114.1831442
K_021,537349,1,ST. MONICA'S KINDERGARTEN,Kowloon City,Joining,Y,"G/F, KWUN HEI COURT, HOMANTIN, KOWLOON",Non-profit-making,Co-educational,2242 0082,3747 1810,http://www.stmonica.edu.hk,123,100,0,22.31448733,114.1832024
K_022,539104,1,PO LEUNG KUK TAM AU-YEUNG SIU FONG MEMORIAL KINDERGARTEN,Kowloon City,Joining,Y,"SHOP 3B, G/F, SITE 7, WHAMPOA GARDEN, HUNG HOM, KOWLOON",Non-profit-making,Co-educational,2311 3871,2366 0971,https://www.plkkgs.edu.hk/plktaysfmkg,506,471,0,22.3038848,114.1920916
K_023,563064,1,THE SALVATION ARMY LOK MAN NURSERY SCHOOL,Kowloon City,Joining,Y,"1/F, BLOCK H, LOK MAN SUN CHUEN, TO KWA WAN, KOWLOON",Non-profit-making,Co-educational,2365 1994,2764 8036,http://www.salvationarmy.org.hk/esd/lmns/,126,126,18,22.31524575,114.1863083
K_024,563579,1,TWGHS LO WONG PIK SHAN NURSERY SCHOOL,Kowloon City,Joining,Y,"UNIT 425-434, G/F, PO MAN HOUSE, OI MAN ESTATE, HO MAN TIN, KOWLOON",Non-profit-making,Co-educational,2712 9383,2712 0117,http://www.tungwahcsd.org/tc/our-services/youth-and-family-services/day-nursery-services/LWPSNS,85,57,11,22.31148928,114.1792328
K_025,563781,1,TSUNG TSIN MISSION OF HONG KONG ON KEI NURSERY SCHOOL,Kowloon City,Joining,Y,"BLOCK 9 PODIUM, OAK MANSIONS, WHAMPOA GARDEN, SITE 5, HUNG HOM, KOWLOON",Non-profit-making,Co-educational,2764 7050,2356 7200,https://oi.ttmssd.org/,92,61,13,22.3032799,114.190432
K_026,563803,1,PO LEUNG KUK LUI CHAN WAI CHING KINDERGARTEN,Kowloon City,Joining,Y,"G/F, SHEUNG LOK HOUSE, SHEUNG LOK ESTATE, SHEUNG SHING STREET, HOMANTIN, KOWLOON",Non-profit-making,Co-educational,2761 3431,2761 3088,https://www.poleungkuk.org.hk/child-care-services/lcwckgn/school-info,109,51,14,22.3201586,114.1814556
K_027,563927,1,PO LEUNG KUK LAM TING LAI LING KINDERGARTEN,Kowloon City,Joining,N,"G/F, KA ON LAU, KA WAI CHUEN, HUNG HOM, KOWLOON",Non-profit-making,Co-educational,2364 9480,2627 0247,https://www.poleungkuk.org.hk/child-care-services/ltllkgn,174,113,23,22.30866246,114.1859876
K_028,564001,1,POK OI HOSPITAL MRS YAM WING YIN KINDERGARTEN,Kowloon City,Joining,Y,"LEVEL 1, TOWER 23, LAGUNA VERDE, HUNG HOM, KOWLOON",Non-profit-making,Co-educational,2333 3279,2356 1820,https://kindergarten.pokoi.org.hk/YWY/tc/index.php,87,80,24,22.30676552,114.192616
K_029,564524,1,KOWLOON LING LIANG CHURCH DAY NURSERY,Kowloon City,Joining,N,"4/F - 5/F, 1 GRAMPIAN ROAD, KOWLOON CITY, KOWLOON",Non-profit-making,Co-educational,2337 2575,2338 2859,http://www.kllck.edu.hk,194,134,33,22.32753639,114.1862315
K_030,564567,1,LUTHERAN PHILIP HOUSE MA TAU WAI NURSERY SCHOOL,Kowloon City,Joining,Y,"UNIT 115, 117&118, G/F, MAGNOLIA HOUSE, MA TAU WAI ESTATE, KOWLOON",Non-profit-making,Co-educational,2712 8648,2714 2950,http://lphccs.edu.hk/lphmtwns,58,35,10,22.32386991,114.1871533
K_031,564869,1,HO OI DAY NURSERY (SPONSORED BY SIK SIK YUEN),Kowloon City,Joining,N,"G/F SHOP 1A, 1B, 2A & 2B, HARMONY GARDEN, 55 KOWLOON CITY ROAD, KOWLOON CITY, KOWLOON",Non-profit-making,Co-educational,2760 8360,2760 8316,https://www2.siksikyuen.org.hk/education-services/kindergartens-and-child-care-centres/ho-oi,94,75,14,22.31925514,114.189133
K_032,565016,1,HOMANTIN YANG MEMORIAL METHODIST PRE-SCHOOL,Kowloon City,Joining,Y,"G/F, UNIT 1, CHING MAN HOUSE, HOMANTIN ESTATE, KOWLOON",Non-profit-making,Co-educational,2242 0678,2242 0838,http://www.hmtps.org,94,47,9,22.31483955,114.1824842
K_033,565130,1,CANNAN KINDERGARTEN (WATERLOO ROAD),Kowloon City,Joining,N,"111 WATERLOO ROAD, KOWLOON TONG, KOWLOON",Non-profit-making,Co-educational,2336 0006,2336 0121,http://www.cannan.edu.hk,327,318,46,22.32815073,114.1781945
K_034,565229,1,HKSPC MA TAU CHUNG NURSERY SCHOOL,Kowloon City,Joining,Y,"2/F - 3/F, 107 MA TAU CHUNG ROAD, KOWLOON CITY, KOWLOON",Non-profit-making,Co-educational,2711 0787,2712 9156,https://ns.hkspc.org/mtc/,103,78,15,22.32442972,114.1884734
K_035,565288,1,HKSPC SIA WHAMPOA NURSERY SCHOOL,Kowloon City,Joining,Y,"1/F, WILLOW COURT, WHAMPOA GARDEN, HUNGHOM, KOWLOON",Non-profit-making,Co-educational,2365 0558,2773 0116,https://ns.hkspc.org/whampoa/,89,68,17,22.30499601,114.1862882
K_036,565520,1,YMCA OF HONG KONG CHRISTIAN NURSERY SCHOOL (FARM ROAD),Kowloon City,Joining,N,"PORTION OF G/F, MAJESTIC PARK, 11 FARM ROAD, KOWLOON CITY, KOWLOON",Non-profit-making,Co-educational,2246 8234,2246 8136,http://www.ymcahk.org.hk/cnsfr,88,65,17,22.3214678,114.1867649
K_037,565687,1,MAY NGA NURSERY,Kowloon City,Joining,N,"G/F, 146 & 146A PAU CHUNG STREET, TO KWA WAN, KOWLOON",Non-profit-making,Co-educational,2714 7763,2713 4258,http://www.maynga.edu.hk,52,27,0,22.32125085,114.1898514
K_038,565695,1,MARTHA BOSS LUTHERAN DAY NURSERY,Kowloon City,Joining,N,"4/F, MARTHA BOSS COMMUNITY CENTRE, 89 CHUNG HAU STREET, HO MAN TIN, KOWLOON",Non-profit-making,Co-educational,2199 9412,2199 9413,http://marthaboss-nursery.hklss.hk,140,105,21,22.31630258,114.1794076
K_039,566691,1,PO LEUNG KUK CHAN LAI WAI LIN KINDERGARTEN,Kowloon City,Joining,Y,"G/F, 1/F & 2/F, HONOUR COURT, 188-194 MA TAU WAI ROAD, KOWLOON CITY, KOWLOON",Non-profit-making,Co-educational,2364 7170,2334 4413,https://www.poleungkuk.org.hk/child-care-services/clwlkgn/school-info,122,110,11,22.31294287,114.1874243
K_040,575518,1,CANNAN KINDERGARTEN (WHAMPOA GARDEN),Kowloon City,Joining,Y,"PORTION OF G/F, COMMERCIAL PODIUM, SITE 10 WHAMPOA GARDEN, HUNG HOM, KOWLOON",Non-profit-making,Co-educational,2330 3336,2954 0896,http://www.cannan.edu.hk,358,328,0,22.30576322,114.1915872
K_041,599700,1,YMCA OF HONG KONG CHRISTIAN KINDERGARTEN (KAI CHING),Kowloon City,Joining,Y,"G/F SHEUNG CHING HOUSE, KAI CHING ESTATE, 12 MUK HUNG STREET, KOWLOON CITY, KOWLOON",Non-profit-making,Co-educational,2341 5262,2341 5477,http://www.ymcahk.org.hk/ckkc,73,58,0,22.33362113,114.2031899
K_042,600890,1,BUDDHIST MR. & MRS. CHAN CHART MAN KINDERGARTEN,Kowloon City,Joining,N,"KINDERGARTEN, TAK LONG ESTATE, 28 SHING KAI ROAD, KOWLOON",Non-profit-making,Co-educational,2795 1008,2795 1365,www.bccm.edu.hk,248,215,0,22.33177894,114.2028984
K_043,610771,1,WILLIAM (SMART) KINDERGARTEN (WHAMPOA) (LOCAL STREAM),Kowloon City,Joining,Y,"SHOP G3C(2), G/F, SITE 7, WHAMPOA GARDEN, HUNG HOM, KOWLOON",Non-profit-making,Co-educational,2333 2886,2330 3199,http://www.william-inter-kg.edu.hk,280,252,0,22.30435437,114.1923149
K_044,616001,1,HKVNS ALUMNI ASSOCIATION KINDERGARTEN (KCC),Kowloon City,Joining,Y,"G/F (PORTION) & 1/F, KOWLOON CHAMBER OF COMMERCE BUILDING, 2 LIBERTY AVENUE, HO MAN TIN, KOWLOON",Non-profit-making,Co-educational,2384 7272,2384 0633,https://www.hkvnsaaskg.edu.hk/,206,180,0,22.31849702,114.1742441
K_045,216054,1,CANNAN KINDERGARTEN (LAGUNA CITY),Kwun Tong,Joining,N,"LOWER GROUND FLOOR 1, SITE B, LAGUNA CITY, CHA KWO LING ROAD, KWUN TONG, KOWLOON",Non-profit-making,Co-educational,2717 6667,2347 1699,http://www.cannan.edu.hk,408,401,0,22.30618903,114.2288061
K_046,311650,1,HONG KONG LUTHERAN CHURCH KWUN TONG KINDERGARTEN,Kwun Tong,Joining,N,"G/F - 1/F, 2 HORSE SHOE LANE, KWUN TONG, KOWLOON",Non-profit-making,Co-educational,2389 3179,2304 0501,ktlk.edu.hk,140,128,0,22.31459867,114.2216173
K_047,319562,1,ST. BARNABAS' CHURCH KINDERGARTEN,Kwun Tong,Joining,Y,"G/F - 3/F, 71 SHUI WO STREET, KWUN TONG, KOWLOON",Non-profit-making,Co-educational,2389 4218,2341 9386,http://www.sbckg.edu.hk,352,184,0,22.31615079,114.2255681
K_048,319775,1,KWUN TONG METHODIST KINDERGARTEN,Kwun Tong,Joining,N,"2/F, LOTUS TOWER 3, KWUN TONG GARDEN ESTATE, NGAU TAU KOK ROAD, KWUN TONG, KOWLOON",Non-profit-making,Co-educational,2342 3062,2790 4910,http://www.ktmk.edu.hk,266,207,0,22.31567351,114.2208606
K_049,322580,1,DIAMOND HILL BAPTIST CHURCH BRIGHT BLOSSOMS KINDERGARTEN,Kwun Tong,Joining,Y,"104-105 & 109-116, WONG SHEK HOUSE, PING SHEK ESTATE, KOWLOON",Non-profit-making,Co-educational,2323 8731,2353 6953,http://www.dhbcbbkg.edu.hk,98,51,0,22.3323016,114.2090817
K_050,323055,1,PING SHEK KINGSLAND KINDERGARTEN,Kwun Tong,Joining,Y,"KAM SHEK HOUSE, PING SHEK ESTATE, KWUN TONG, KOWLOON",Non-profit-making,Co-educational,2323 6363,3482 8663,https://www.pingshekkingslandkg.edu.hk/,117,37,0,22.33347535,114.2101692
K_051,323250,1,THE CHURCH OF CHRIST IN CHINA KEI FAAT KINDERGARTEN,Kwun Tong,Joining,N,"3RD, 4TH & 5TH LOWER GROUND FLOOR, COMPUTER ROOM AT 1ST LOWER GROUND FLOOR, 34 YUET WAH STREET, KWUN TONG, KOWLOON",Non-profit-making,Co-educational,2389 8948,2793 2241,http://kfk.ccc.edu.hk/,318,194,0,22.31252891,114.2275564
K_052,323497,1,BUDDHIST KAM LAI KINDERGARTEN,Kwun Tong,Joining,N,"G/F, BLOCK 9, 10 HONG NGA COURT, LAM TIN ESTATE, LAM TIN, KOWLOON",Non-profit-making,Co-educational,2346 5162,2340 9029,http://www.buddhist-kam-lai-kg.edu.hk,480,480,0,22.30564398,114.238016
K_053,324248,1,KWUN TONG BAPTIST CHURCH KINDERGARTEN,Kwun Tong,Joining,Y,"G/F (PART), 4/F TO 5/F, 83 KUNG LOK ROAD, KWUN TONG, KOWLOON",Non-profit-making,Co-educational,2342 4008,2790 3178,http://www.ktbckg.edu.hk,555,352,0,22.31862607,114.2224727
K_054,324426,1,SHIN YAT TONG ON YAT KINDERGARTEN,Kwun Tong,Joining,Y,"G/F - 1/F, ON YAT HOUSE, SHUN ON ESTATE, KWUN TONG, KOWLOON",Non-profit-making,Co-educational,2345 1222,2344 6013,http://www.syt.edu.hk,201,130,0,22.32726728,114.2261155
K_055,324736,1,TELFORD GARDENS KINDERGARTEN (LOCAL STREAM),Kwun Tong,Joining,Y,"NORTH WING OF LEVEL 2 & 4, TELFORD GARDENS, KOWLOON BAY, KOWLOON",Non-profit-making,Co-educational,2757 5749,2305 2242,http://www.telfordeducation.com,149,94,0,22.32341473,114.2127584
K_056,324809,1,THE CHURCH OF CHRIST IN CHINA KEI WA KINDERGARTEN,Kwun Tong,Joining,Y,"UNIT G1-G14, G/F, KAI NING HOUSE, KAI YIP ESTATE, KWUN TONG, KOWLOON",Non-profit-making,Co-educational,2756 0781,2758 5580,http://kwk.ccc.edu.hk,170,151,0,22.32984513,114.2098286
K_057,325236,1,SHARON LUTHERAN CHURCH KINDERGARTEN,Kwun Tong,Joining,N,"UNIT 405-415, 4/F, KAN WAH HOUSE, LOK WAH NORTH ESTATE, NGAU TAU KOK, KOWLOON",Non-profit-making,Co-educational,2756 3398,2798 7604,http://www.sharonlutheran.edu.hk,150,113,0,22.32174221,114.2203578
K_058,325244,1,CHRISTIAN LITTLE ANGEL KINDERGARTEN RICHLAND GARDENS,Kwun Tong,Joining,Y,"UNIT 2C, G/F, BLOCKS 21-22, RICHLAND GARDENS, 80 WANG KWONG ROAD, KOWLOON BAY, KOWLOON",Non-profit-making,Co-educational,2755 0198,2795 8343,http://www.clakrg.edu.hk,264,192,39,22.32909602,114.2076347
K_059,325694,1,CHOI HA ESTATE KIT SAM KINDERGARTEN,Kwun Tong,Joining,Y,"NO.4 CARPARK PODIUM, CHOI HA ESTATE, NGAU TAU KOK, KOWLOON",Non-profit-making,Co-educational,2305 1443,2758 4101,http://www.sihm.edu.hk/,232,228,0,22.32546362,114.2172335
K_060,325708,1,ST. JAMES CATHOLIC KINDERGARTEN,Kwun Tong,Joining,Y,"8 KA WING STREET, YAU TONG, KOWLOON",Non-profit-making,Co-educational,2348 9344,2340 4585,http://www.sjck.edu.hk,126,109,0,22.29415693,114.2383021
K_061,325732,1,ST. PHILIP LUTHERAN CHURCH KINDERGARTEN,Kwun Tong,Joining,Y,"TSUI ON HOUSE, TSUI PING ESTATE, KWUN TONG, KOWLOON",Non-profit-making,Co-educational,2793 0577,2763 7975,http://www.splck.edu.hk,127,88,0,22.31496672,114.2289841
K_062,325791,1,HONG YING ANGLO-CHINESE KINDERGARTEN,Kwun Tong,Joining,N,"G/F, HONG YING COURT, TAK TIN ESTATE, KOWLOON",Non-profit-making,Co-educational,2772 3243,2775 1476,http://hongyingkinder.edu.hk/,130,97,14,22.30817245,114.2382888
K_063,325864,1,CREATIVE KINDERGARTEN (SCENEWAY GARDEN),Kwun Tong,Joining,Y,"BLOCK 45, 35 SCENEWAY GARDENS, LAM TIN, KOWLOON",Non-profit-making,Co-educational,2717 8686,2717 6868,http://www.creative.edu.hk,360,316,0,22.3069826,114.2321935
K_064,325937,1,S.K.H. KINDLY LIGHT CHURCH HOLY CARPENTER KINDERGARTEN,Kwun Tong,Joining,Y,"LEVEL 7, CARPARK BUILDING, HONG PAK COURT, LAM TIN, KOWLOON",Non-profit-making,Co-educational,"2347 7988, 2347 7262",2347 7908,http://www.skhklchc.edu.hk,127,115,55,22.30252802,114.2390627
K_065,516309,1,PO LEUNG KUK MRS FONG WONG KAM CHUEN KINDERGARTEN,Kwun Tong,Joining,Y,"G/F, BLOCK C, KO CHUN COURT, KO CHIU ROAD, YAU TONG, KOWLOON",Non-profit-making,Co-educational,2349 3606,2349 3771,https://www.plkkgs.edu.hk/plkfwkckg/,117,85,0,22.2986348,114.2416909
K_066,517127,1,TUNG WAH GROUP OF HOSPITALS WONG SEE SUM KINDERGARTEN,Kwun Tong,Joining,Y,"G/F, WING A & B, TSUI LOK HOUSE, TSUI PING ESTATE, KWUN TONG, KOWLOON",Non-profit-making,Co-educational,2348 0285,2346 7977,http://www.twghwsskg.edu.hk,142,117,0,22.31229302,114.2309533
K_067,522910,1,CNEC CHRISTIAN KINDERGARTEN,Kwun Tong,Joining,Y,"G/F, SAU HONG HOUSE, SAU MAU PING (III) ESTATE, KOWLOON",Non-profit-making,Co-educational,2340 6063,2340 6043,http://www.cnecckg.edu.hk,109,85,0,22.32185639,114.2310249
K_068,523178,1,CHRISTIAN ALLIANCE SAU MAU PING CHEN LEE WING TSING KINDERGARTEN,Kwun Tong,Joining,Y,"G/F, BLOCK A (HIU TIN HOUSE), HIU LAI COURT, KWUN TONG, KOWLOON",Non-profit-making,Co-educational,2952 4488,2952 3922,http://www.caclwtkg.edu.hk,116,89,24,22.32195647,114.2287731
K_069,523364,1,THE SALVATION ARMY PING TIN KINDERGARTEN,Kwun Tong,Joining,Y,"G/F, PING SHING HOUSE, PING TIN ESTATE, LAM TIN, KOWLOON",Non-profit-making,Co-educational,2775 5332,2775 5412,http://www.salvationarmy.org.hk/esd/ptkg/,243,146,26,22.30559924,114.236929
K_070,523895,1,CHAN MUNG YAN LUTHERAN KINDERGARTEN,Kwun Tong,Joining,Y,"G/F, HIU ON HOUSE, (BLOCK E) HIU LAI COURT, SAU MAU PING, KWUN TONG, KOWLOON",Non-profit-making,Co-educational,2340 2839,2340 2098,http://www.cmyl.edu.hk/,270,233,0,22.32022226,114.2298013
K_071,524034,2,LAM TIN LING LIANG KINDERGARTEN,Kwun Tong,Joining,Y,"G/F, SITE A,12 LAGUNA STREET, LAGUNA CITY, KWUN TONG, KOWLOON",Non-profit-making,Co-educational,2805 6699,2772 0868,http://www.lingliang.org.hk,493,439,86,22.30515123,114.2265251
K_072,528366,1,YUEN YUEN KINDERGARTEN (PING TIN ESTATE),Kwun Tong,Joining,Y,"G/F, PING SIN HOUSE, PING TIN ESTATE, LAM TIN, KOWLOON",Non-profit-making,Co-educational,2243 7116,2177 6722,https://www.yuenyuenkg.edu.hk/pingtin,148,140,4,22.30733338,114.2362018
K_073,532169,1,ST. ANTONIUS KINDERGARTEN,Kwun Tong,Joining,N,"1/F, 1 YAU TONG ROAD, KWUN TONG, KOWLOON",Non-profit-making,Co-educational,2349 0221,2349 0201,http://www.stakg.edu.hk,270,180,0,22.30132776,114.2369174
K_074,543390,1,SHUN TAK FRATERNAL ASSOCIATION LEUNG KIT WAH KINDERGARTEN,Kwun Tong,Joining,Y,"G/F, TAT FUNG HOUSE, PO TAT ESTATE, PO LAM ROAD, SAU MAU PING, KOWLOON",Non-profit-making,Co-educational,2997 4411,2997 4422,http://www.stfalkwkg.edu.hk,177,177,0,22.31727535,114.2381472
K_075,546038,1,LOK SIN TONG MAN NG WING YEE KINDERGARTEN,Kwun Tong,Joining,Y,"G/F, SAU WAH HOUSE, SAU MAU PING ESTATE, KOWLOON",Non-profit-making,Co-educational,2354 8809,2354 8308,http://www.loksintongkg.edu.hk/lst_manngwingyee/,213,133,0,22.31830693,114.2323241
K_076,548278,2,LEI YUE MUN METHODIST KINDERGARTEN,Kwun Tong,Joining,Y,"G/F, LEI HING HOUSE, LEI YUE MUN ESTATE, KWUN TONG, KOWLOON",Non-profit-making,Co-educational,3417 7010,3417 7013,http://www.lymmkg.edu.hk,236,129,0,22.29424664,114.2398742
K_077,550663,1,PEACE EVANGELICAL CENTRE KINDERGARTEN (NGAU TAU KOK),Kwun Tong,Joining,Y,"G/F, SHEUNG MUN HOUSE, UPPER NGAU TAU KOK ESTATE, PHASE I, KWUN TONG, KOWLOON",Non-profit-making,Co-educational,2776 9285,2776 8913,http://www.peck.edu.hk/ngautaukok/,165,147,0,22.31918729,114.2175035
K_078,550892,1,JING JING KINDERGARTEN (SHUN LEE BRANCH),Kwun Tong,Joining,Y,"SHOP 15A, PODIUM LEVEL 2, SHUN LEE DISCIPLINED SERVICES QUARTERS 32 LEE ON ROAD, KOWLOON",Non-profit-making,Co-educational,3409 4481,3409 4491,http://www.jingjing.edu.hk,174,65,33,22.3324701,114.2219822
K_079,563455,1,BGCAHK CHEERLAND KINDERGARTEN (KOWLOON BAY),Kwun Tong,Joining,N,"SHOP 11-13, G/F CHEVALIER COMMERCIAL CENTRE, 8 WANG HOI ROAD, KOWLOON BAY, KOWLOON",Non-profit-making,Co-educational,2796 2122,2755 1355,http://nursery.bgca.org.hk,91,73,26,22.34306848,114.1926007
K_080,563510,1,ST VINCENT DE PAUL NURSERY SCHOOL,Kwun Tong,Joining,N,"2/F, BO FUNG BUILDING, 5 HORSE SHOE LANE, KWUN TONG, KOWLOON",Non-profit-making,Co-educational,2389 3228,2389 7610,http://www.svpdn.edu.hk,87,53,15,22.31477913,114.2221609
K_081,563536,1,TWGHS CHAN HAN NURSERY SCHOOL,Kwun Tong,Joining,Y,"ROOM 2, G/F, SAU FU HOUSE, SAU MAU PING (I) ESTATE, SAU MAU PING, KOWLOON",Non-profit-making,Co-educational,2340 5982,2772 3599,http://chns.tungwahcsd.org,83,65,14,22.31675369,114.232275
K_082,563609,1,NEW KOWLOON WOMEN ASSOCIATION LOK WAH NURSERY,Kwun Tong,Joining,N,"5/F, LOK WAH ESTATE COMMUNITY CENTRE, CHUN WAH ROAD, NGAU TAU KOK, KOWLOON",Non-profit-making,Co-educational,2796 2535,2796 2574,http://www.newklnwa.edu.hk,80,34,14,22.32032376,114.2226965
K_083,563730,1,PO LEUNG KUK NG PO LING KINDERGARTEN,Kwun Tong,Joining,N,"UNIT 21-34, PODIUM LEVEL, TSUI TO HOUSE, TSUI PING ESTATE, TSUI PING ROAD, KWUN TONG, KOWLOON",Non-profit-making,Co-educational,2727 1405,2349 7153,https://www.poleungkuk.org.hk/child-care-services/nplkgn/school-info,108,73,16,22.3158334,114.2297705
K_084,563749,1,TSUNG TSIN MISSION OF HONG KONG ON YEE NURSERY SCHOOL,Kwun Tong,Joining,N,"G/F, KO SHING HOUSE, KO YEE ESTATE, YAU TONG, KOWLOON",Non-profit-making,Co-educational,2727 6468,2775 2583,https://oe.ttmssd.org/,92,78,16,22.2969283,114.2409623
K_085,563790,1,PO LEUNG KUK KIM HUYNH KINDERGARTEN,Kwun Tong,Joining,N,"G/F, 125-132, WONG SHEK HOUSE, PING SHEK ESTATE, KOWLOON",Non-profit-making,Co-educational,2320 6671,2321 4219,https://www.poleungkuk.org.hk/child-care-services/khkgn/school-info,82,78,16,22.33217514,114.2092273
K_086,563935,1,PO LEUNG KUK LEE SIU CHAN KINDERGARTEN,Kwun Tong,Joining,N,"5/F, SHUN LEE ESTATE COMMUNITY CENTRE, SHUN LEE ESTATE, KWUN TONG, KOWLOON",Non-profit-making,Co-educational,2343 9038,2950 9498,https://www.poleungkuk.org.hk/child-care-services/lsckgn/school-info,94,70,13,22.33161065,114.2272333
K_087,563951,1,PO LEUNG KUK CHENG KWAN HOW YIN KINDERGARTEN,Kwun Tong,Joining,N,"UNIT 2, 1/F, TAK HONG HOUSE, TAK TIN ESTATE, LAM TIN, KOWLOON",Non-profit-making,Co-educational,2709 2280,2709 1860,https://www.poleungkuk.org.hk/child-care-services/ckhykgn,118,80,11,22.30819922,114.2391332
K_088,564036,1,POK OI HOSPITAL CHAN HSU FONG LAM KINDERGARTEN,Kwun Tong,Joining,Y,"UNIT 204, KWONG TIN SHOPPING CENTRE, KWONG TIN ESTATE, LAM TIN, KOWLOON",Non-profit-making,Co-educational,2349 1588,2349 1374,https://kindergarten.pokoi.org.hk/CHFL/tc/,97,50,9,22.30291621,114.2394123
K_089,564389,1,SISTERS OF THE IMMACULATE HEART OF MARY GOSPEL SAU MAU PING KINDERGARTEN,Kwun Tong,Joining,N,"G/F, WING B & C, SAU YUE HOUSE, SAU MAU PING ESTATE, KOWLOON",Non-profit-making,Co-educational,2346 0072,2709 9269,http://smp.sihm.org.hk/,94,93,10,22.31806271,114.2334596
K_090,564486,1,SHUN TIN RHENISH NURSERY,Kwun Tong,Joining,N,"ROOM 19-31, BLOCK LOW TIN WAN HOUSE, SHUN TIN ESTATE, KWUN TONG, KOWLOON",Non-profit-making,Co-educational,2790 2765,2950 9527,http://stc.ppe.rhenish.org,96,94,25,22.32572245,114.2280465
K_091,564575,1,LUTHERAN PHILIP HOUSE KAI YIP NURSERY SCHOOL,Kwun Tong,Joining,N,"UNIT 15-18 & 24-27, G/F KAI NING HOUSE, KAI YIP ESTATE, KOWLOON BAY, KOWLOON",Non-profit-making,Co-educational,2757 9529,2754 4137,http://www.lphccs.edu.hk,87,57,9,22.36648547,114.1747772
K_092,564656,1,CHRISTIAN FAMILY SERVICE CENTRE TAK TIN KINDERGARTEN,Kwun Tong,Joining,N,"TOP/F, CARPARK BLOCK, HONG NGA COURT, LAM TIN, KOWLOON",Non-profit-making,Co-educational,2775 2881,2348 3124,https://taktin.cfsc.edu.hk/,87,45,16,22.30634816,114.2385792
K_093,564664,1,CHRISTIAN FAMILY SERVICE CENTRE CHEERLAND KINDERGARTEN,Kwun Tong,Joining,Y,"3/F, 3 TSUI PING ROAD, KWUN TONG, KOWLOON",Non-profit-making,Co-educational,2389 3363,2389 7213,https://cheerland.cfsc.edu.hk/,103,103,22,22.31173379,114.2289052
K_094,564834,1,ELCHK LING ON NURSERY SCHOOL,Kwun Tong,Joining,N,"5/F, LAM TIN (WEST) ESTATE COMMUNITY CENTRE, 71 KAI TIN ROAD, LAM TIN, KOWLOON",Non-profit-making,Co-educational,2775 6767,2349 4817,http://lons.elchk.org.hk/,84,49,8,22.30894169,114.2337956
K_095,565210,1,HKSPC MR & MRS THOMAS TAM NURSERY SCHOOL,Kwun Tong,Joining,N,"3/F, SAI CHO WAN NEIGHBOURHOOD COMMUNITY CENTRE, CHA KWO LING ROAD, KWUN TONG, KOWLOON",Non-profit-making,Co-educational,2347 9286,2349 7393,https://ns.hkspc.org/mmtt/,105,79,11,22.30739905,114.2290492
K_096,565369,1,GARDEN ESTATE BAPTIST NURSERY SCHOOL,Kwun Tong,Joining,N,"LOTUS TOWER 2, 2/F, ROOM 37 GARDEN ESTATE, 297 NGAU TAU KOK ROAD, KWUN TONG, KOWLOON",Non-profit-making,Co-educational,2345 4340,2345 2713,http://www.gebns.edu.hk,91,78,14,22.31556536,114.2200744
K_097,565415,1,HONG KONG CHRISTIAN SERVICE KWUN TONG NURSERY SCHOOL,Kwun Tong,Joining,N,"4/F & ROOF PLAYGROUND, KWUN TONG COMMUNITY CENTRE, 17 TSUI PING ROAD, KWUN TONG, KOWLOON",Non-profit-making,Co-educational,2389 1866,2345 3525,http://ktns.hkcschild.edu.hk/,178,164,31,22.31296173,114.2295753
K_098,565946,1,BUDDHIST CHI WAI DAY NURSERY,Kwun Tong,Joining,N,"ROOM 3, G/F, HON CHUNG HOUSE, WAN HON ESTATE, KWUN TONG, KOWLOON",Non-profit-making,Co-educational,2345 6832,2389 5190,http://www.hkbuddhist.org/bcwdn,111,96,20,22.31830972,114.2234626
K_099,565962,1,CARITAS NURSERY SCHOOL - LEI YUE MUN,Kwun Tong,Joining,N,"G/F, WING B & C, LEI SANG HOUSE, LEI YUE MUN ESTATE, KWUN TONG, KOWLOON",Non-profit-making,Co-educational,2246 5002,2246 5001,http://lymns.caritas.org.hk,87,51,13,22.29441796,114.2405439
K_100,566004,1,CARITAS NURSERY SCHOOL - YAU TONG,Kwun Tong,Joining,N,"LEVEL 2, 60 LEI YUE MUN ROAD, YAU TONG, KOWLOON",Non-profit-making,Co-educational,2717 1098,2717 1094,http://ytns.caritas.org.hk/,107,89,19,22.29887086,114.2384594
K_101,566071,1,CREATIVE DAY NURSERY (SCENEWAY),Kwun Tong,Joining,Y,"1/F, SCENEWAY GARDEN, SIN FAT ROAD, LAM TIN, KOWLOON",Non-profit-making,Co-educational,2717 8811,2717 9048,http://www.creative.edu.hk,312,208,97,22.30591656,114.2334547
K_102,566160,1,HONG KONG STUDENT AID SOCIETY PO TAT NURSERY,Kwun Tong,Joining,N,"G/F, TAT YAN HOUSE, WING B & C, PO TAT ESTATE, SAU MAU PING, KOWLOON",Non-profit-making,Co-educational,2997 4601,2997 4609,http://www.potat-nursery.edu.hk,76,39,24,22.31770847,114.2390597
K_103,566683,1,POK OI HOSPITAL SY SIOK CHUN KINDERGARTEN,Kwun Tong,Joining,Y,"G/F, TSUI MEI HOUSE, TSUI PING ESTATE, KWUN TONG, KOWLOON",Non-profit-making,Co-educational,2772 0811,2772 0331,https://kindergarten.pokoi.org.hk/SSC/tc/,95,51,8,22.31716998,114.2296158
K_104,566950,1,UNITED CHRISTIAN MEDICAL SERVICE NURSERY SCHOOL,Kwun Tong,Joining,Y,"1/F, BLOCK J (CHEN KOU BUN BUILDING), UNITED CHRISTIAN HOSPITAL, 130 HIP WO STREET, KWUN TONG, KOWLOON",Non-profit-making,Co-educational,2347 2286,2348 6740,http://ucmsns.hkcschild.edu.hk/,52,50,7,22.32338359,114.2278516
K_105,577987,1,CHRISTIAN LITTLE TREE KINDERGARTEN,Kwun Tong,Joining,Y,"G/F, YING LOK HOUSE, CHOI YING ESTATE, NGAU TAU KOK, KOWLOON",Non-profit-making,Co-educational,3695 0118,3695 0119,http://www.littletree.edu.hk,142,100,0,22.32765848,114.215487
K_106,594130,1,THE HONG KONG FEDERATION OF YOUTH GROUPS KK CHENG KINDERGARTEN,Kwun Tong,Joining,Y,"SHOP 1, CHOI SHING HOUSE, CHOI TAK ESTATE, 8 CHOI HING ROAD, NGAU TAU KOK, KOWLOON",Non-profit-making,Co-educational,2385 2622,2385 3326,http://kkc.hkfyg.org.hk,122,109,0,22.33025076,114.213294
K_107,595365,1,THE SALVATION ARMY CENTALINE CHARITY FUND YAU TONG KINDERGARTEN,Kwun Tong,Joining,Y,"LEVEL 4, CARPARK BLOCK, YAU LAI ESTATE, YAU TONG, KOWLOON",Non-profit-making,Co-educational,2884 3830,2884 3855,http://www.salvationarmy.org.hk/esd/ccfytkg/,118,67,0,22.30104864,114.2346464
K_108,595837,1,CHRISTIAN YOUTH CENTRE KINDERGARTEN (YAU TONG),Kwun Tong,Joining,N,"3/F, PHASE 5 YAU TONG ESTATE, KOWLOON",Non-profit-making,Co-educational,2348 9699,2348 9711,http://www.cyckg.edu.hk,225,140,6,22.29886178,114.2385759
K_109,604259,1,PO LEUNG KUK LEE SHU FOOK KINDERGARTEN,Kwun Tong,Joining,Y,"SHOP 2, G/F, ON CHUNG HOUSE, AND SHOP 2 G/F AND 1/F, COMMERCIAL BLOCK, 1 SHUN ON ESTATE, KWUN TONG, KOWLOON",Non-profit-making,Co-educational,2386 6983,2386 4718,https://www.plkkgs.edu.hk/plklsfkg/en,364,288,7,22.32929907,114.2264171
K_110,605530,1,TWGHS LUCINA LAAM HO KINDERGARTEN,Kwun Tong,Joining,Y,"UPPER GROUND FLOOR, ON TAT SHOPPING CENTRE, ON TAT ESTATE, KWUN TONG, KOWLOON",Non-profit-making,Co-educational,2976 9935,2976 9813,www.lucina-kindergarten.edu.hk,245,240,0,22.32074451,114.2342857
K_111,605662,1,HONG KONG CHRISTIAN SERVICE PARIO KINDERGARTEN,Kwun Tong,Joining,Y,"G/F, KWAI WAH HOUSE, LOWER NGAU TAU KOK ESTATE, KOWLOON",Non-profit-making,Co-educational,2323 1215,2323 5253,https://pokg.hkcschild.edu.hk/,224,165,0,22.32323344,114.215709
K_112,607886,1,S.K.H. KINDLY LIGHT CHURCH HOLY CARPENTER KINDERGARTEN (BRANCH),Kwun Tong,Joining,Y,"KINDERGARTEN 02, 7/F, HONG PAK COURT CARPARK BLOCK, HONG PAK COURT, 139 PIK WAN ROAD, LAM TIN, KOWLOON",Non-profit-making,Co-educational,"2347 7988, 2347 7322",2347 7908,http://br.skhklchc.edu.hk,190,173,0,22.30280809,114.2387523
K_113,610291,1,CHRISTIAN FAMILY SERVICE CENTRE YEOH CHOY WAI HAAN MEMORIAL KINDERGARTEN,Kwun Tong,Joining,Y,"G/F, BETWEEN HIM TAT HOUSE & CHING TAT HOUSE, ON TAT ESTATE, KWUN TONG, KOWLOON",Non-profit-making,Co-educational,2507 4811,3913 7120,https://ycwh.cfsc.edu.hk,132,132,0,22.32024699,114.2365955
K_114,613509,1,LIGHT AND LOVE HOME HAPPY KINDERGARTEN (ON TAI),Kwun Tong,Joining,Y,"UG/F, KING TAI HOUSE, ON TAI ESTATE, KWUN TONG, KOWLOON",Non-profit-making,Co-educational,2368 5077,2368 5733,https://www.llhhk.edu.hk,137,108,0,22.32718539,114.2281053
K_115,614114,1,CHRISTIAN & MISSIONARY ALLIANCE ON TAI KINDERGARTEN,Kwun Tong,Joining,Y,"UG/F, WO TAI HOUSE, ON TAI ESTATE, KWUN TONG, KOWLOON",Non-profit-making,Co-educational,2619 9393,2619 9377,http://www.cmaontaikg.edu.hk,176,107,0,22.32808845,114.2281056
K_116,132152,1,THE CHURCH OF CHRIST IN CHINA HEEP WOH KINDERGARTEN,Sham Shui Po,Joining,Y,"231 SAI YEUNG CHOI STREET, KOWLOON",Non-profit-making,Co-educational,2777 9618,2778 5426,http://heepwohkg.edu.hk,266,154,0,22.32810532,114.1675949
K_117,133850,1,YAU YAT CHUEN SCHOOL,Sham Shui Po,Joining,Y,"2 MARIGOLD ROAD AND NEW BLOCK, YAU YAT CHUEN, KOWLOON",Non-profit-making,Co-educational,2381 2949,2380 5111,http://www.yycskg.edu.hk,1232,890,0,22.32789783,114.1726714
K_118,216208,"1,2",DELIA ENGLISH PRIMARY SCHOOL & KINDERGARTEN,Sham Shui Po,Joining,Y,"1/F 84-86 BROADWAY STREET AND SHOP 138 STAGE 8, MEI FOO SUN CHUEN, KOWLOON",Non-profit-making,Co-educational,"2742 2027, 2744 3960",2744 1367,http://www.deliakg.edu.hk,289,220,0,22.33496508,114.1419872
K_119,317403,2,SHAM SHUI PO BAPTIST CHURCH KINDERGARTEN,Sham Shui Po,Joining,N,"1/F, 4 KWONG LEE ROAD, SHAM SHUI PO, KOWLOON",Non-profit-making,Co-educational,2720 1173,2720 6400,http://www.sspbck.edu.hk,174,133,0,22.3403591,114.159003
K_120,319511,1,THE CHURCH OF CHRIST IN CHINA SHUM OI CHURCH KINDERGARTEN,Sham Shui Po,Joining,Y,"G/F, 80 WOH CHAI STREET, SHEK KIP MEI, KOWLOON",Non-profit-making,Co-educational,2777 0986,2890 8333,http://www.sockg.edu.hk,113,86,0,22.33203365,114.16808
K_121,323080,1,N-M-S' LUTHERAN KINDERGARTEN,Sham Shui Po,Joining,Y,"36 GRANDEUR ROAD, YAU YAT TSUEN, KOWLOON",Non-profit-making,Co-educational,"2778 0734, 2777 9207",2776 0254,http://www.nmslkg.edu.hk,193,141,0,22.33429151,114.1739914
K_122,323357,1,ST. THOMAS' CHURCH KINDERGARTEN,Sham Shui Po,Joining,Y,"RM. 101-116, BLOCK 24, LOWER SHEK KIP MEI ESTATE, SHAM SHUI PO, KOWLOON",Non-profit-making,Co-educational,2779 4201,2784 6613,http://www.stckg.edu.hk,191,162,0,22.3332165,114.1654396
K_123,323683,1,SUEN MEI KINDERGARTEN,Sham Shui Po,Joining,N,"PORTION OF 2/F MEI FOO SUN CHUEN 79 BROADWAY STREET, KOWLOON",Non-profit-making,Co-educational,2742 4925,2310 8607,http://www.smkg.edu.hk,219,117,33,22.33628334,114.1410356
K_124,324159,1,GUIDEPOSTS KINDERGARTEN,Sham Shui Po,Joining,N,"5B, MOUNT STERLING MALL, MEI FOO SUN CHUEN, LOWER PODIUM FLOOR, SHAM SHUI PO, KOWLOON",Non-profit-making,Co-educational,2743 2800,2785 4364,http://www.guideposts.edu.hk,334,187,0,22.33764653,114.1391812
K_125,324264,4,WESTERN PACIFIC KINDERGARTEN,Sham Shui Po,Joining,Y,"STAIRS & LIFT ON G/F & SHOP 2, 1/F FLAT ROOF ON FIRST & SECOND FLOOR PARK ONE, 1 NAM CHEONG STREET, SHAM SHUI PO, KOWLOON",Non-profit-making,Co-educational,2367 6144,2311 4681,http://www.wpk.edu.hk,199,186,0,22.31284366,114.1682656
K_126,324787,1,BUDDHIST TSANG KOR SING ANGLO-CHINESE KINDERGARTEN,Sham Shui Po,Joining,Y,"301-313, 3/F, LAI HUEN HOUSE, LAI KOK ESTATE, SHAM SHUI PO, KOWLOON",Non-profit-making,Co-educational,"2361 1267, 2361 1268",2387 9041,http://www.tsangkorsing.edu.hk,145,124,0,22.33236668,114.1559852
K_127,324795,1,THE CHURCH OF CHRIST IN CHINA KEI CHUN KINDERGARTEN,Sham Shui Po,Joining,Y,"UNIT 114-127, G/F LAI LO HOUSE, LAI KOK ESTATE, SHAM SHUI PO, KOWLOON",Non-profit-making,Co-educational,2361 8246,2748 7036,http://kck.ccc.edu.hk,153,139,0,22.3317437,114.1570142
K_128,325252,1,SHENG KUNG HUI SHAM SHUI PO KEI OI CHURCH KINDERGARTEN,Sham Shui Po,Joining,Y,"BLOCK 1, CHUNG HOU HOUSE, LI CHENG UK ESTATE, SHAMSHUIPO, KOWLOON",Non-profit-making,Co-educational,2361 2184,2361 8758,http://www.skhkock.edu.hk,246,91,0,22.33886912,114.1596148
K_129,325635,1,EVANGELICAL LUTHERAN CHURCH OF HONG KONG NAM CHEONG KINDERGARTEN,Sham Shui Po,Joining,Y,"OUTDOOR PLAY AREA, KG01 G/F & CHEONG CHUNG HOUSE, (BLOCK 1) NAM CHEONG ESTATE, SHAMSHUIPO, KOWLOON",Non-profit-making,Co-educational,2725 8913,2728 5387,https://www.elchkkg.edu.hk/nam-cheong/,145,83,0,22.32584689,114.1584128
K_130,325830,1,SHAM SHUI PO TAK SHIN KINDERGARTEN,Sham Shui Po,Joining,Y,"1/F, 200 TUNG CHAU STREET, SHAM SHUI PO, KOWLOON",Non-profit-making,Co-educational,2728 3997,2708 3872,http://www.ssptakshin.edu.hk,66,45,0,22.32659664,114.160354
K_131,325953,1,HONG KONG Y.W.C.A ATHENA KINDERGARTEN,Sham Shui Po,Joining,Y,"UNIT 1-8, G/F, HAN CHING HOUSE, YEE CHING COURT SHAMSHUIPO, KOWLOON",Non-profit-making,Co-educational,2728 1122,2728 1214,http://kga.ywca.org.hk/,231,185,0,22.3321774,114.159004
K_132,514659,1,TSUNG TSIN PRIMARY SCHOOL AND KINDERGARTEN (LOCAL STREAM),Sham Shui Po,Joining,Y,"58 TAI PO ROAD, SHAM SHUI PO, KOWLOON",Non-profit-making,Co-educational,2777 3679,2777 7256,http://www.ttpskg.edu.hk/,750,732,0,22.32908063,114.1677307
K_133,517712,1,JAMES ANGLO-CHINESE KINDERGARTEN (SHAM SHUI PO),Sham Shui Po,Joining,N,"G/F, CRONIN GARDEN, 16 SHUN NING ROAD, SHAM SHUI PO, KOWLOON",Non-profit-making,Co-educational,2386 8877,2387 0789,http://www.jameskg.edu.hk,129,112,18,22.33513069,114.1618673
K_134,532550,1,CHE LOK KINDERGARTEN,Sham Shui Po,Joining,Y,"SHOP A B & C, 1/F SIU CHEONG BUILDING, 72 NAM CHEONG STREET, SHAMSHUIPO, KOWLOON",Non-profit-making,Co-educational,2191 5488,2665 3922,https://www.chelok.edu.hk/,166,180,0,22.32765341,114.1624019
K_135,532550,2,CHE LOK KINDERGARTEN,Sham Shui Po,Joining,Y,"G/F, 221 TAI NAN STREET, SHAM SHUI PO, KOWLOON",Non-profit-making,Co-educational,2191 5488,2665 3922,https://www.chelok.edu.hk/,36,36,0,22.32765341,114.1624019
K_136,532800,1,CHRISTIAN ALLIANCE LOUEY CHOY KWAN LOK KINDERGARTEN,Sham Shui Po,Joining,Y,"G/F, UN SHING HOUSE, UN CHAU ESTATE, SHAMSHUIPO, KOWLOON",Non-profit-making,Co-educational,2720 4718,2720 4382,http://www.calcklkg.edu.hk,208,190,0,22.3372882,114.1548584
K_137,536482,1,TSUNG TSIN MISSION PAK TIN GRACEFUL KINDERGARTEN,Sham Shui Po,Joining,Y,"G/F, SHING TIN HOUSE, PAK TIN ESTATE, SHEK KIP MEI, KOWLOON",Non-profit-making,Co-educational,3152 2533,3152 2643,http://www.ptgraceful.edu.hk,199,163,0,22.33611546,114.1677691
K_138,548723,1,PO LEUNG KUK LAU CHAN SIU PO KINDERGARTEN,Sham Shui Po,Joining,Y,"PODIUM LEVEL, FU YUN HOUSE, (BLOCK 16) FU CHEONG ESTATE, CHEUNG SHA WAN, KOWLOON",Non-profit-making,Co-educational,2267 4531,2267 4532,https://www.plkkgs.edu.hk/plklcspkg,224,190,0,22.32730042,114.1552288
K_139,563170,1,THE SALVATION ARMY PAK TIN NURSERY SCHOOL,Sham Shui Po,Joining,N,"G/F, WING C, FU TIN HOUSE, PAK TIN ESTATE, PAK WAN STREET, SHAM SHUI PO, KOWLOON",Non-profit-making,Co-educational,2778 3588,2778 9622,http://www.salvationarmy.org.hk/esd/ptnsc/,83,81,20,22.33717209,114.1689048
K_140,564044,1,PRECIOUS BLOOD KINDERGARTEN (SHAM SHUI PO),Sham Shui Po,Joining,N,"123 UN CHAU STREET, SHAMSHUIPO, KOWLOON",Non-profit-making,Co-educational,2386 2586,2386 7912,http://www.pbn.edu.hk,194,155,31,22.33318911,114.1618286
K_141,564443,1,HONG KONG YOUNG WOMEN'S CHRISTIAN ASSOCIATION SHIU PONG NURSERY SCHOOL,Sham Shui Po,Joining,N,"G/F, 66 BEGONIA ROAD, YAU YAT CHUEN, KOWLOON",Non-profit-making,Co-educational,3443 1678,3443 1670,http://nssp.ywca.org.hk,85,42,7,22.33125718,114.1718851
K_142,564478,1,HKSPC CHEUNG SHA WAN NURSERY SCHOOL,Sham Shui Po,Joining,Y,"5/F & ROOF PLAYGROUND, CHEUNG SHA WAN COMMUNITY CENTRE, 55 FAT TSEUNG STREET, CHEUNG SHA WAN, KOWLOON",Non-profit-making,Co-educational,2361 5516,2361 7591,https://ns.hkspc.org/csw/,95,85,22,22.34002496,114.1588866
K_143,564516,1,HONG KONG YOUNG WOMEN'S CHRISTIAN ASSOCIATION CHIU OI WAH NURSERY SCHOOL,Sham Shui Po,Joining,N,"G/F, WING B & C, UN FUNG HOUSE, UN CHAU ESTATE, SHAMSHUIPO, KOWLOON",Non-profit-making,Co-educational,2386 6339,2194 8892,http://nscow.ywca.org.hk,84,83,16,22.3376585,114.1552272
K_144,564729,1,HONG KONG SHENG KUNG HUI KEI OI NURSERY SCHOOL,Sham Shui Po,Joining,N,"ROOM 103-116 &118, G/F, LAI KUK HOUSE, LAI KOK ESTATE, SHAM SHUI PO, KOWLOON",Non-profit-making,Co-educational,2729 7991,2708 9298,http://www.kons.edu.hk,89,76,9,22.33147287,114.157752
K_145,565245,1,CHEUNG SHA WAN KAI FONG WELFARE ASSOCIATION LAM TAM YIN WAH KINDERGARTEN,Sham Shui Po,Joining,N,"FLAT 310-316, 3/F, LAI KWAI HOUSE, LAI KOK ESTATE, CHEUNG SHA WAN, KOWLOON",Non-profit-making,Co-educational,2386 2826,2307 9752,http://www.lamtyw.edu.hk,89,66,17,22.33325159,114.155325
K_146,565393,1,HONG KONG CHRISTIAN SERVICE TAI HANG TUNG NURSERY SCHOOL,Sham Shui Po,Joining,N,"4/F & ROOF PLAYGROUND, TAI HANG TUNG COMMUNITY CENTRE, 17 TONG YAM STREET, TAI HANG TUNG, KOWLOON",Non-profit-making,Co-educational,2777 8020,2776 0854,http://hkcschild.edu.hk/thtns/,161,149,35,22.33026376,114.170167
K_147,565407,1,HONG KONG CHRISTIAN SERVICE LEI CHENG UK NURSERY SCHOOL,Sham Shui Po,Joining,Y,"NO. 316, PODIUM LEVEL, SHUN YEE HOUSE, LEI CHENG UK ESTATE, SHAMSHUIPO, KOWLOON",Non-profit-making,Co-educational,2361 2355,2374 6101,http://hkcschild.edu.hk/lcuns/,146,136,20,22.33816467,114.1589936
K_148,565563,1,BAPTIST OI KWAN SOCIAL SERVICE PUI YAN PRE-PRIMARY SCHOOL,Sham Shui Po,Joining,N,"G/F, 1 FORTUNE STREET, CHEUNG SHA WAN, KOWLOON",Non-profit-making,Co-educational,2360 0999,2360 0844,http://pypps.bokss.org.hk,133,133,20,22.33460598,114.1538881
K_149,566560,1,PENTECOSTAL CHURCH OF HONG KONG NAM CHEONG NURSERY SCHOOL,Sham Shui Po,Joining,Y,"5/F, NAM CHEONG COMMUNITY CENTRE, NAM CHEONG ESTATE SHAMSHUIPO, KOWLOON",Non-profit-making,Co-educational,"2725 9292, 2386 6264",2386 6284,http://namcheongns.pchk.org.hk,100,98,13,22.32699367,114.1574517
K_150,566705,1,HONG KONG CHRISTIAN SERVICE SHEK KIP MEI NURSERY SCHOOL,Sham Shui Po,Joining,Y,"UNIT 201-218, 1/F, BLOCK 23 SHEK KIP MEI ESTATE, WOH CHAI STREET, SHAMSHUIPO, KOWLOON",Non-profit-making,Co-educational,2779 1891,2778 6442,http://skmns.hkcschild.edu.hk/,170,147,15,22.33339711,114.165459
K_151,567051,1,YAN OI TONG PONG LO SHUK YIN KINDERGARTEN,Sham Shui Po,Joining,Y,"UNIT 114, 1/F HOI LAI SHOPPING CENTRE, HOI LAI ESTATE, SHAMSHUIPO, KOWLOON",Non-profit-making,Co-educational,3514 6333,3514 6322,https://ppe.yot.org.hk/kg05,378,288,0,22.33261807,114.1466763
K_152,596116,1,PO LEUNG KUK ANGELA LEONG ON KEI KINDERGARTEN,Sham Shui Po,Joining,N,"1/F, MEI SHING HOUSE, SHEK KIP MEI ESTATE, SHAM SHUI PO, KOWLOON",Non-profit-making,Co-educational,2778 7182,2777 1456,http://kgn.poleungkuk.org.hk/tc/953/page.html,93,87,11,22.33318044,114.1664685
K_153,596787,1,HONG KONG LING LIANG CHURCH SAU TAK KINDERGARTEN,Sham Shui Po,Joining,Y,"SHOP 6-8, 1/F, WEST KOWLOON PLACE, ONE WEST KOWLOON, 873 LAI CHI KOK ROAD, KOWLOON",Non-profit-making,Co-educational,3520 2238,3520 2237,http://www.lingliang.org.hk,114,92,126,22.33471319,114.1468311
K_154,601861,1,HONG KONG LING LIANG CHURCH SAU TAK KINDERGARTEN(CAMPUS 2),Sham Shui Po,Joining,Y,"SHOP 2-3, 11-13 & 15-18, 1/F, WEST KOWLOON PLACE, ONE WEST KOWLOON, 873 LAI CHI KOK ROAD, KOWLOON",Non-profit-making,Co-educational,3520 2238,3520 2237,http://www.lingliang.org.hk,458,404,0,22.33471319,114.1468311
K_155,613169,1,TSUNG TSIN MISSION OF HONG KONG ON HONG NURSERY SCHOOL (SHUN NING ROAD),Sham Shui Po,Joining,Y,"1/F, SUNLIGHT BUILDING, 273 SHUN NING ROAD, SHAM SHUI PO, KOWLOON",Non-profit-making,Co-educational,2779 6861,2319 2962,https://oh.ttmssd.org/,108,74,17,22.33726156,114.158518
K_156,615315,1,TWGHS MR. & MRS. TAM KAM KAU KINDERGARTEN,Sham Shui Po,Joining,Y,"G/F, HOI PIK HOUSE (BLOCK A), HOI LOK COURT, CHEUNG SHA WAN, KOWLOON",Non-profit-making,Co-educational,2677 7266,2677 8122,https://www.tkk-kindergarten.edu.hk,251,196,0,22.32764263,114.1489487
K_157,615641,1,THE SALVATION ARMY SO UK KINDERGARTEN,Sham Shui Po,Joining,Y,"G/F, LARKSPUR HOUSE, SO UK ESTATE, SHAM SHUI PO, KOWLOON",Non-profit-making,Co-educational,2343 6233,2536 9300,https://www.salvationarmy.org.hk/esd/sukg/?langcode=zh-hant,273,263,0,22.34037693,114.1570227
K_158,618527,1,GUIDEPOSTS KINDERGARTEN (NAM CHEONG BRANCH),Sham Shui Po,Joining,Y,"G/F, HOI WING HOUSE, HOI TAT ESTATE, 38 SHAM MONG ROAD, SHAM SHUI PO, KOWLOON",Non-profit-making,Co-educational,2681 1208,2681 1298,http://www.guideposts.edu.hk,207,111,0,22.3298462,114.1495986
K_159,216259,1,SHUN SANG ANGLO-CHINESE KINDERGARTEN,Wong Tai Sin,Joining,N,"G/F, ON YAN HOUSE, TSE ON COURT, TSE WAN SHAN, KOWLOON",Non-profit-making,Co-educational,2323 1074,2323 2621,http://www.ssack.edu.hk,270,214,0,22.34815153,114.2018044
K_160,316504,1,A-ONE KINDERGARTEN,Wong Tai Sin,Joining,Y,"G/F, KAM HON HOUSE, CHOI HUNG ESTATE, CHOI HUNG, KOWLOON",Non-profit-making,Co-educational,2320 4880,"2320 4880, 2320 4866",http://a-onekg.edu.hk,122,105,0,22.33632072,114.2063841
K_161,321192,1,REDEMPTION LUTHERAN KINDERGARTEN,Wong Tai Sin,Joining,N,"G/F - 1/F, 13 MUK LUN STREET, WONG TAI SIN, KOWLOON",Non-profit-making,Co-educational,2326 1546,2321 2664,http://www.rlk.edu.hk,376,269,0,22.34110835,114.1971242
K_162,323268,1,CHRISTIAN EVANGELICAL CENTRE LOK FU KINDERGARTEN,Wong Tai Sin,Joining,Y,"G/F, LOK HIM HOUSE, LOK FU ESTATE, 198 JUNCTION ROAD, LOK FU, KOWLOON",Non-profit-making,Co-educational,2338 8236,2336 6002,http://www.lokfukg.edu.hk,134,102,0,22.33607023,114.1870668
K_163,325090,1,HONG KONG AND MACAU LUTHERAN CHURCH SHEK ON MEMORIAL KINDERGARTEN,Wong Tai Sin,Joining,Y,"2/F - 3/F, SHEK ON BUILDING, 11 PO KONG VILLAGE ROAD, WONG TAI SIN, KOWLOON",Non-profit-making,Co-educational,2328 3681,2323 5292,http://www.hkmlcsok.edu.hk,179,140,0,22.34037677,114.1979395
K_164,325317,1,LOK SIN TONG KU LEE KWOK SIN KINDERGARTEN,Wong Tai Sin,Joining,Y,"G/F, NGA YUEN HOUSE, CHUK YUEN SOUTH ESTATE, WONG TAI SIN, KOWLOON",Non-profit-making,Co-educational,"2328 9875, 2328 9891",2327 0480,http://www.loksintongkg.edu.hk/lst_kuleekwoksin/,146,100,0,22.34473893,114.1946589
K_165,325546,1,S.K.H. KINDLY LIGHT CHURCH OR PUI CHEUNG KINDERGARTEN,Wong Tai Sin,Joining,Y,"UNIT 101-108 & 117-124, G/F, TUNG YUEN HOUSE, CHUK YUEN NORTH ESTATE, WONG TAI SIN, KOWLOON",Non-profit-making,Co-educational,2325 4254,2324 1730,http://www.skhklcopc.edu.hk,175,111,25,22.34585872,114.1945911
K_166,325643,1,HO TAK KINDERGARTEN (SPONSORED BY SIK SIK YUEN),Wong Tai Sin,Joining,N,"G/F, BLOCK 8, CHUNG YUEN HOUSE, CHUK YUEN NORTH ESTATE PHASE V, KOWLOON",Non-profit-making,Co-educational,2350 0721,2322 7478,http://www2.siksikyuen.org.hk/education-services/kindergartens-and-child-care-centres/ho-tak,108,65,14,22.34575968,114.191669
K_167,325678,1,BUDDHIST FOO HONG KINDERGARTEN,Wong Tai Sin,Joining,Y,"G/F, LUNG YAT HOUSE, LOWER WONG TAI SIN ESTATE, WONG TAI SIN, KOWLOON",Non-profit-making,Co-educational,2326 1456,2320 3042,http://www.bfhkwts.edu.hk,208,179,0,22.33893217,114.1955804
K_168,325686,1,HONG KONG BETHEL CHURCH GIDEON KINDERGARTEN,Wong Tai Sin,Joining,Y,"G/F, LOK TUNG HOUSE, LOK FU ESTATE, KOWLOON",Non-profit-making,Co-educational,2336 2577,2336 2567,http://www.bcgideon.edu.hk,63,37,3,22.33791233,114.189154
K_169,325716,1,HONG KONG TAOIST ASSOCIATION YUEN YUEN KINDERGARTEN (TUNG TAU ESTATE),Wong Tai Sin,Joining,Y,"G/F, 9-14 YAN TUNG HOUSE, TUNG TAU ESTATE, KOWLOON",Non-profit-making,Co-educational,2718 3637,2383 7607,https://www.yuenyuenkg.edu.hk/tungtau/,146,144,5,22.33374901,114.1917843
K_170,325821,1,PO LEUNG KUK KAM HING KINDERGARTEN,Wong Tai Sin,Joining,N,"G/F, FUNG CHUEN COURT, FUNG TAK ESTATE, DIAMOND HILL, KOWLOON",Non-profit-making,Co-educational,2322 0133,2752 6655,https://www.plkkgs.edu.hk/plkkhkg/hk,429,373,0,22.34423263,114.1993671
K_171,325880,1,GRACE METHODIST CHURCH KINDERGARTEN,Wong Tai Sin,Joining,N,"2/F, CAR PARK BUILDING, TIN WANG COURT, MA CHAI HANG, KOWLOON",Non-profit-making,Co-educational,2320 4188,2320 4308,http://www.grace.edu.hk,124,76,24,22.34420683,114.1863102
K_172,325929,1,LOK FU RHENISH CHURCH KINDERGARTEN,Wong Tai Sin,Joining,Y,"FLAT 1-9, G/F, WANG WAI HOUSE, WANG TAU HOM ESTATE, WANG TAU HOM, KOWLOON",Non-profit-making,Co-educational,2336 4705,2336 9278,http://lfkg.ppe.rhenish.org,155,108,0,22.34091971,114.1860382
K_173,523429,1,HO LAP KINDERGARTEN (SPONSORED BY SIK SIK YUEN),Wong Tai Sin,Joining,Y,"WINGS B & C,G/F, LOK SHUN HOUSE, TSZ LOK ESTATE, TSZ WAN SHAN WONG TAI SIN, KOWLOON",Non-profit-making,Co-educational,2324 8201,2328 4693,http://www2.siksikyuen.org.hk/education-services/kindergartens-and-child-care-centres/ho-lap,146,126,0,22.34720373,114.1990472
K_174,523933,1,SHARON LUTHERAN CHURCH KINDERGARTEN (TSZ OI BRANCH),Wong Tai Sin,Joining,Y,"ROOFTOP OF CARPORT BUILDING, TSZ OI COURT, TSZ WAN SHAN, WONG TAI SIN, KOWLOON",Non-profit-making,Co-educational,2326 0280,2327 0630,https://www.sharonlutheran.edu.hk/kindness/zh/,110,107,46,22.34951547,114.1996495
K_175,528625,1,OUR LADY'S KINDERGARTEN,Wong Tai Sin,Joining,N,"WHOLE OF G/F - 4/F & CONFERENCE ROOM AT 5/F ANNEX BUILDING, 113-115 SHATIN PASS ROAD, AND 113 SHATIN PASS ROAD, WONG TAI SIN, KOWLOON",Non-profit-making,Co-educational,2320 7544,2320 7663,http://www.olk.edu.hk,480,360,0,22.34433247,114.1953966
K_176,530379,1,DIAMOND HILL LING LIANG KINDERGARTEN,Wong Tai Sin,Joining,Y,"PODIUM LEVEL 2, GALAXIA, 3 LUNG POON STREET, DIAMOND HILL, KOWLOON",Non-profit-making,Co-educational,2955 9797,2955 9798,http://www.lingliang.org.hk,350,325,0,22.34083661,114.2028418
K_177,538132,1,GRACEFIELD EAST KOWLOON CHRISTIAN KINDERGARTEN,Wong Tai Sin,Joining,Y,"G/F, CHEONG SIN HOUSE, UPPER WONG TAI SIN ESTATE, KOWLOON",Non-profit-making,Co-educational,2216 4106,2216 4107,http://www.gracefield.edu.hk,128,52,7,22.34255386,114.1913386
K_178,542601,1,TSZ CHING ESTATE BODHI SIKSA KINDERGARTEN,Wong Tai Sin,Joining,Y,"G/F, CHING MING HOUSE, TSZ CHING ESTATE, TSZ WAN SHAN, KOWLOON",Non-profit-making,Co-educational,2274 5761,2274 5780,http://www.tcebsk.edu.hk,115,87,0,22.34918087,114.2027657
K_179,549169,1,EVANGELIZE CHINA FELLOWSHIP BLESSINGS CREATIVITY KINDERGARTEN,Wong Tai Sin,Joining,Y,"TSZ HONG ESTATE, TSZ WAN SHAN, KOWLOON",Non-profit-making,Co-educational,2997 5299,2997 5288,http://www.ecfbck.edu.hk,146,96,0,22.34766353,114.2039886
K_180,550035,1,HONG KONG KINDERGARTEN ASSOCIATION PRE-SCHOOL,Wong Tai Sin,Joining,Y,"G/F, CHI SIU HOUSE, CHOI WAN ESTATE, KOWLOON",Non-profit-making,Co-educational,2758 2008,2758 0078,http://www.hkkaps.edu.hk,184,93,0,22.33319469,114.2134986
K_181,563463,1,BGCAHK CHEERLAND KINDERGARTEN (WONG TAI SIN),Wong Tai Sin,Joining,N,"G/F, TAT SIN HOUSE, UPPER WONG TAI SIN ESTATE, KOWLOON",Non-profit-making,Co-educational,2216 4216,2216 4811,http://nursery.bgca.org.hk,93,58,17,22.34306848,114.1926007
K_182,563552,1,TWGHS FONG SHIU YEE NURSERY SCHOOL,Wong Tai Sin,Joining,N,"ROOM F12 1/F, COMMERICAL CENTRE, TIN MA COURT, LUNG CHEUNG ROAD, WONG TAI SIN, KOWLOON",Non-profit-making,Co-educational,2320 0336,2322 9802,https://fsyns.tungwahcsd.org/tc,74,37,13,22.34291541,114.1870868
K_183,563617,1,NEW KOWLOON WOMEN ASSOCIATION TSZ WAN SHAN NURSERY,Wong Tai Sin,Joining,N,"G/F, CHING YUK HOUSE, TSZ CHING ESTATE, TSZ WAN SHAN, KOWLOON",Non-profit-making,Co-educational,2320 0444,2267 6905,http://www.newklnwa.edu.hk,79,66,17,22.34990337,114.2024357
K_184,563811,1,PO LEUNG KUK WONG SIU CHING KINDERGARTEN,Wong Tai Sin,Joining,N,"5/F, CHOI WAN ESTATE COMMUNITY CENTRE, CHOI WAN ESTATE, WONG TAI SIN, KOWLOON",Non-profit-making,Co-educational,2755 3438,2707 0292,https://www.poleungkuk.org.hk/child-care-services/wsckgn/school-info,86,83,18,22.33491041,114.2138776
K_185,563919,1,PO LEUNG KUK TSE WONG PUI KUEN KINDERGARTEN,Wong Tai Sin,Joining,N,"G/F, LOK ON HOUSE, TSZ LOK ESTATE, TSZ WAN SHAN, KOWLOON",Non-profit-making,Co-educational,2352 2843,2352 4084,http://kgn.poleungkuk.org.hk/tc/1043/page.html,107,106,23,22.34789894,114.2000666
K_186,563943,1,PO LEUNG KUK FONG TAM YUEN LEUNG (TSZ WAN SHAN) KINDERGARTEN,Wong Tai Sin,Joining,N,"UNIT 1-2 & 5-12, MAN TAI HOUSE, TSZ MAN ESTATE, TSZ WAN SHAN, KOWLOON",Non-profit-making,Co-educational,2327 7561,2350 6896,http://kgn.poleungkuk.org.hk/tc/1007/page.html,124,124,11,22.3482416,114.2033189
K_187,564060,1,TSUNG TSIN MISSION OF HONG KONG ON KEUNG NURSERY SCHOOL,Wong Tai Sin,Joining,N,"5/F, FUNG TAK ESTATE COMMUNITY CENTRE, FUNG TAK ESTATE, DIAMOND HILL, KOWLOON",Non-profit-making,Co-educational,2321 0580,2352 2199,https://ok.ttmssd.org/,94,92,17,22.34289577,114.2016384
K_188,564176,1,TWGHS KWAN FONG NURSERY SCHOOL,Wong Tai Sin,Joining,N,"G/F, UNIT 120-129, FU YUEN HOUSE, CHUK YUEN (SOUTH) ESTATE, WONG TAI SIN, KOWLOON",Non-profit-making,Co-educational,2351 6718,2322 6164,https://kfns.tungwahcsd.org/tc/page/home,33,33,7,22.34428786,114.1897662
K_189,564290,1,FIVE DISTRICTS BUSINESS WELFARE ASSOCIATION KINDERGARTEN,Wong Tai Sin,Joining,N,"G/F, WANG CHAK HOUSE, WANG TAU HOM ESTATE, KOWLOON",Non-profit-making,Co-educational,2337 4341,2794 1759,http://www.fdkg.edu.hk,65,26,10,22.3401249,114.1879699
K_190,564303,1,FIVE DISTRICTS BUSINESS WELFARE ASSOCIATION CHEUNG CHUK SHAN KINDERGARTEN,Wong Tai Sin,Joining,Y,"ROOM 109, LEVEL 5, COMMERCIAL COMPLEX, LUNG POON COURT, DIAMOND HILL, KOWLOON",Non-profit-making,Co-educational,2327 3317,2351 3152,https://www.ccsnkg.edu.hk/,105,105,19,22.34181231,114.2002695
K_191,564370,1,SISTERS OF THE IMMACULATE HEART OF MARY WONG TAI SIN KINDERGARTEN,Wong Tai Sin,Joining,N,"4/F, WONG TAI SIN COMMUNITY CENTRE, 104 CHING TAK STREET, WONG TAI SIN, KOWLOON",Non-profit-making,Co-educational,2321 1574,2726 5750,http://wts.sihm.org.hk/,190,190,33,22.34103644,114.1941828
K_192,564397,1,LOK FU RHENISH NURSERY,Wong Tai Sin,Joining,Y,"G/F, WANG CHO HOUSE, WANG TAU HOM ESTATE, HONG KONG",Non-profit-making,Co-educational,2338 0538,2794 3506,http://lfc.ppe.rhenish.org,88,86,35,22.34143445,114.1861353
K_193,564400,1,SAN PO KONG RHENISH NURSERY,Wong Tai Sin,Joining,Y,"G/F, A23-A26, A36-42, A48-52, A53A-A56, SAN PO KONG PLAZA, 33 SHUNG LING STREET, SAN PO KONG, KOWLOON",Non-profit-making,Co-educational,2326 1336,2322 3387,http://spk.ppe.rhenish.org,101,90,21,22.33501286,114.1959196
K_194,564451,1,HONG KONG YOUNG WOMEN'S CHRISTIAN ASSOCIATION CHOI WAN NURSERY SCHOOL,Wong Tai Sin,Joining,N,"UNIT 109-114, G/F, NGAN HO HOUSE, CHOI WAN ESTATE, KOWLOON",Non-profit-making,Co-educational,2755 1546,2759 0078,https://nscw.ywca.org.hk/,65,64,18,22.3329688,114.2140518
K_195,565504,1,HONG KONG YOUNG WOMEN'S CHRISTIAN ASSOCIATION FAITH HOPE NURSERY SCHOOL,Wong Tai Sin,Joining,N,"G/F, LUNG HONG HOUSE, LOWER WONG TAI SIN ESTATE, KOWLOON",Non-profit-making,Co-educational,2322 5308,2328 6199,http://nsfh.ywca.org.hk,69,41,12,22.33835439,114.1939204
K_196,565873,1,CHRISTIAN & MISSIONARY ALLIANCE FU SHAN NURSERY SCHOOL,Wong Tai Sin,Joining,N,"UNIT 1-6, LOWER GROUND 1, FU SHUN HOUSE, FU SHAN ESTATE, PO KONG VILLAGE ROAD, KOWLOON",Non-profit-making,Co-educational,2351 2833,2320 5201,http://www.fushan.cmasshk.edu.hk,117,65,7,22.34280416,114.2090744
K_197,566020,1,CARITAS KAI YAU NURSERY SCHOOL,Wong Tai Sin,Joining,Y,"G/F, UNIT 1-8, FU TUNG HOUSE, TUNG TAU ESTATE, KOWLOON",Non-profit-making,Co-educational,2382 2660,2382 7590,http://kyns.caritas.org.hk,82,58,12,22.33628643,114.1935415
K_198,595144,1,JONATHAN INNOVATIVE ENGLISH KINDERGARTEN,Wong Tai Sin,Joining,Y,"SHOP OT/KG01, LUNG POON COURT COMMERCIAL CENTRE, DIAMOND HILL, KOWLOON",Non-profit-making,Co-educational,2799 6300,2799 6322,http://joninnoschool.hk,155,99,0,22.34146011,114.2002694
K_199,133582,1,TAK SUN KINDERGARTEN,Yau Tsim & Mong Kok,Joining,Y,"103 AUSTIN ROAD, TSIMSHATSUI, KOWLOON",Non-profit-making,Co-educational,2724 1674,2735 1862,http://www.taksunkg.edu.hk,420,268,0,22.30388546,114.1723228
K_200,216070,1,SEMPLE KINDERGARTEN,Yau Tsim & Mong Kok,Joining,Y,"PORTION OF G/F, 1/F PORTION OF 2/F & 3/F, 10 WILLOW STREET, TAI KOK TSUI , KOWLOON",Non-profit-making,Co-educational,2789 4211,2391 9149,http://www.semplekg.edu.hk,330,231,0,22.32462828,114.163732
K_201,325198,1,THE SALVATION ARMY CHAN KWAN TUNG KINDERGARTEN,Yau Tsim & Mong Kok,Joining,Y,"G/F & 1/F, THE SALVATION ARMY HEADQUARTERS, 11 WING SING LANE, YAUMATEI, KOWLOON",Non-profit-making,Co-educational,2384 7831,2388 5310,http://www.salvationarmy.org.hk/esd/cktkg/,238,125,0,22.31110089,114.1715364
K_202,516929,1,MONG KOK AGNES ENGLISH KINDERGARTEN,Yau Tsim & Mong Kok,Joining,Y,"G/F - 2/F, 5 ARGYLE STREET, MONG KOK, KOWLOON",Non-profit-making,Co-educational,2390 9988,2390 9389,http://www.mkagneskg.edu.hk,119,80,0,22.31909275,114.1668384
K_203,531898,1,CANNAN KINDERGARTEN (CHARMING GARDEN),Yau Tsim & Mong Kok,Joining,N,"G/F - 1/F, KINDERGARTEN, BLOCK 12 CHARMING GARDEN, 8 HOI TING ROAD, MONGKOK, KOWLOON",Non-profit-making,Co-educational,2175 6202,2175 6780,http://www.cannan.edu.hk,342,312,71,22.31334015,114.1651695
K_204,533858,1,DOMINIC SAVIO KINDERGARTEN (OLYMPIC BRANCH),Yau Tsim & Mong Kok,Joining,Y,"UNIT 01-09, G/F, HOI WEN HOUSE, HOI FU COURT, MONGKOK WEST, KOWLOON",Non-profit-making,Co-educational,2626 9323,2626 1800,http://www.dominicsaviokg.org,330,278,24,22.31688914,114.1647615
K_205,547069,1,C C C MONGKOK CHURCH JEANNETTE KINDERGARTEN,Yau Tsim & Mong Kok,Joining,Y,"G/F & 1/F & 3/F MONGKOK CHRISTIAN CENTRE, 56 BUTE STREET, MONGKOK, KOWLOON",Non-profit-making,Co-educational,2394 1142,2390 3105,http://mkcjk.ccc.edu.hk,279,260,0,22.32195558,114.1693133
K_206,555436,1,SUN ISLAND KINDERGARTEN (METRO HARBOUR BRANCH),Yau Tsim & Mong Kok,Joining,Y,"KINDERGARTEN AREA, G/F, METRO HARBOUR PLAZA, TAI KOK TSUI, KOWLOON",Non-profit-making,Co-educational,2553 6556,2834 3322,http://www.sunisland.edu.hk,240,187,0,22.32451963,114.1605677
K_207,558346,3,LITTLE BUDS KINDERGARTEN,Yau Tsim & Mong Kok,Joining,Y,"UNIT E ON G/F, UNIT E ON M/F & UNIT E ON 1/F, GOLDEN CLOUD COURT, 1-4 FERRY STREET, KOWLOON",Non-profit-making,Co-educational,3586 2830,3586 2831,http://www.littlebuds.edu.hk,122,122,0,22.30630545,114.1673052
K_208,562939,1,THE SALVATION ARMY HOI FU NURSERY SCHOOL,Yau Tsim & Mong Kok,Joining,N,"G/F, WING B & C, HOI NING HOUSE, HOI FU COURT, MONGKOK, KOWLOON",Non-profit-making,Co-educational,2148 2477,2148 1711,http://www.salvationarmy.org.hk/esd/hfns/,106,106,11,22.31634727,114.1643248
K_209,562955,1,THE SALVATION ARMY LAI CHI KOK NURSERY SCHOOL,Yau Tsim & Mong Kok,Joining,Y,"1/F, 150-174 LAI CHI KOK ROAD, KOWLOON",Non-profit-making,Co-educational,2787 5788,2787 1581,http://www.salvationarmy.org.hk/esd/lckns/,87,84,16,22.32570299,114.1645861
K_210,563323,1,THE HONG KONG FEDERATION OF YOUTH GROUPS CHING LOK KINDERGARTEN (YAUMATEI),Yau Tsim & Mong Kok,Joining,Y,"G/F, SHOP 3, 8-13 AND 1/F, UNIT 1-10 BOSS COMMERCIAL CENTRE, 28 FERRY STREET, YAUMATEI, KOWLOON",Non-profit-making,Co-educational,2385 6868,2385 6630,http://clymt.hkfyg.org.hk/,99,64,8,22.30736204,114.1675865
K_211,563820,1,PO LEUNG KUK LUI KAM TAI KINDERGARTEN,Yau Tsim & Mong Kok,Joining,Y,"FLAT 2, 1/F, HOI HONG BUILDING, 43 TIT SHU STREET, TAI KOK TSUI, KOWLOON",Non-profit-making,Co-educational,2395 3623,2395 8019,http://kgn.poleungkuk.org.hk/tc/962/page.html,89,89,10,22.31979691,114.163616
K_212,564249,1,YAN OI TONG CHAN CHENG YUK YEE KINDERGARTEN,Yau Tsim & Mong Kok,Joining,N,"ROOM 104 1/F, 1 AUSTIN ROAD, TSIM SHA TSUI, KOWLOON",Non-profit-making,Co-educational,2199 7343,2375 7120,http://ppe.yot.org.hk/dn05/,97,96,12,22.30464353,114.1633554
K_213,564931,1,HKSPC HONG KONG BANK FOUNDATION NURSERY SCHOOL,Yau Tsim & Mong Kok,Joining,Y,"6/F & ROOF PLAYGROUND, HENRY G LEONG YAU MA TEI COMMUNITY CENTRE, PUBLIC SQUARE STREET, YAU MA TEI, KOWLOON",Non-profit-making,Co-educational,2385 6699,2385 6523,https://ns.hkspc.org/ymt/,108,87,9,22.30983653,114.1696245
K_214,565024,1,YAUMATEI YANG MEMORIAL METHODIST PRE-SCHOOL,Yau Tsim & Mong Kok,Joining,N,"3/F 54 WATERLOO ROAD, KOWLOON",Non-profit-making,Co-educational,2251 0866,2251 0845,http://www.yymmps.edu.hk,103,86,7,22.31407199,114.1725068
K_215,565067,1,HKSPC BOC NURSERY SCHOOL,Yau Tsim & Mong Kok,Joining,Y,"G/F, GIC BUILDING, OLYMPIAN CITY, 11 HOI FAI ROAD, TAI KOK TSUI, KOWLOON",Non-profit-making,Co-educational,2271 4015,2271 4105,https://ns.hkspc.org/boc/,81,62,14,22.32034717,114.1576176
K_216,565091,1,HKSPC PARK'N SHOP STAFF CHARITABLE FUND NURSERY SCHOOL,Yau Tsim & Mong Kok,Joining,Y,"6/F 387 PORTLAND STREET, MONGKOK, KOWLOON",Non-profit-making,Co-educational,2399 0909,2393 6905,https://ns.hkspc.org/ps/,144,136,33,22.32608243,114.1669253
K_217,565300,1,HKSPC PORTLAND STREET NURSERY SCHOOL,Yau Tsim & Mong Kok,Joining,Y,"4/F & PENTHOUSE (LAUNDRY), 387 PORTLAND STREET, MONGKOK, KOWLOON",Non-profit-making,Co-educational,2391 5681,2393 7560,https://ns.hkspc.org/pn/,148,134,28,22.3260734,114.1669738
K_218,565423,1,HONG KONG CHRISTIAN SERVICE CENTRAL NURSERY SCHOOL,Yau Tsim & Mong Kok,Joining,N,"3/F, MONGKOK COMPLEX, 557 SHANGHAI STREET, KOWLOON",Non-profit-making,Co-educational,2380 2320,2380 9788,http://cns.hkcschild.edu.hk,97,90,13,22.31856001,114.1679352
K_219,565474,1,PROSPEROUS GARDEN BAPTIST NURSERY SCHOOL,Yau Tsim & Mong Kok,Joining,N,"G/F, 14 TUNG KUN STREET, YAU MA TEI, KOWLOON",Non-profit-making,Co-educational,2770 0661,2770 0711,http://www.pgbn.edu.hk,85,84,9,22.31087498,114.1681783
K_220,566535,1,THE SALVATION ARMY CATHERINE BOOTH NURSERY SCHOOL,Yau Tsim & Mong Kok,Joining,N,"2/F, THE SALVATION ARMY HEADQUARTERS, 11 WING SING LANE, YAU MA TEI, KOWLOON",Non-profit-making,Co-educational,2332 7963,2385 4167,http://www.salvationarmy.org.hk/esd/cbns/,89,89,20,22.31108283,114.1715364
K_221,566969,1,HEEP HONG SOCIETY HEALTHY KIDS NURSERY SCHOOL,Yau Tsim & Mong Kok,Joining,N,"PORTION OF G/F & PORTION OF 1/F, HOI YAN HOUSE, HOI FU COURT, MONG KOK, KOWLOON",Non-profit-making,Co-educational,2786 2990,2784 1194,http://hkc.heephong.org,85,64,11,22.31605834,114.1649169
K_222,616281,1,CLEMENT KINDERGARTEN,Yau Tsim & Mong Kok,Joining,Y,"SHOP G65-70, G/F, METRO HARBOUR PLAZA, TAI KOK TSUI, KOWLOON",Non-profit-making,Co-educational,2152 9393,3893 0484,http://clement.edu.hk,137,87,32,22.32477257,114.1614025
