Estate_Name,District_Name,Region_Name,Map_Latitude,Map_Longitude,Type_of_Estate,Year_of_Intake,Type_of_Block,No_of_Blocks,Name_of_Block,No_of_Rental_Flats,Flat_Size_m2,Estate_Management_Advisory_Committee_EMAC,District_Tenancy_Management_Office_Estate_Office,Property_Management,Carpark_Management,Estate_Website,Further_Information
Tak Long Estate,Kowloon City,Kowloon,22.330105,114.2031,Public Rental Housing,2013,Non-standard,9,Tak Cheung House Tak Sui House Tak Kei House Tak Yu House Tak Loong House Tak Shan House Tak Yiu House Tak Ying House Tak Pui House,8 200 As at 30.6.2025,14 – 37,Formed,Kowloon West & Sai Kung District Tenancy Management Office (5) G/F  Carport Building  Tak Long Estate  Kowloon Telephone: 2383 0422 Fax: 2383 0945,Kai Fu Property Services Co. Ltd G/F  Carport Building  Tak Long Estate  Kowloon Telephone: 2856 6225 Fax: 2856 6100,Kai Fu Property Services Co. Ltd G/F  Carport Building  Tak Long Estate  Kowloon Telephone: 2856 6225 Fax: 2856 6100,,<a href= /en/common/pdf/global-elements/estate-locator/TakLongEstate-barrier-free-en.pdf  target= _blank >Barrier-Free Access (BFA) Facilities</a>
Kai Ching Estate,Kowloon City,Kowloon,22.33254,114.20292,Public Rental Housing,2013,Non-standard,6,Hong Ching House Lok Ching House Yan Ching House Sheung Ching House Mun Ching House Yuet Ching House,5 200 As at 30.6.2025,14.05-37.58,Formed,Kowloon West & Sai Kung District Tenancy Management Office(5) 1/F  Hong Ching House  Kai Ching Estate  Kowloon Telephone: 2382 3151 Fax: 2716 7199,Kai Fu Property Services Co. Ltd. 1/F  Hong Ching House  Kai Ching Estate  Kowloon Telephone: 2426 9011 Fax: 2427 6911,Kai Fu Property Services Co. Ltd. 1/F  Hong Ching House  Kai Ching Estate  Kowloon Telephone: 2426 9011 Fax: 2427 6911,-,<a href= /en/common/pdf/global-elements/estate-locator/KaiChingEstate-barrier-free-en.pdf  target= _blank >Barrier-Free Access (BFA) Facilities</a>
Choi Fook Estate,Kwun Tong,Kowloon,22.328026,114.21717,Public Rental Housing,2010  2011  2021,Non-standard,5,Choi Lok House Choi Sin House Choi Hay House Choi Foon House Choi Wo House,4 500 As at 30.6.2025,21.2 - 43.6,Formed,Housing Department Kowloon East (12) District Tenancy Management Office Podium Level 2/F.  Tsui Pak House  Tsui Ping (North) Estate  Kwun Tong  Kowloon Telephone: 2793 2303 Fax: 2763 6540,Good Excel Property Consultants Ltd.  G/F  Choi Sin House  Choi Fook Estate Telephone: 3417 1090 Fax: 3197 0313 E-mail: choifook@goodexcel.com.hk,Amano Parking Service Limited Rm. E  6/F Selwyn Factory Building  404 Kwun Tong Road  Kwun Tong  Kowloon Telephone: 2117 7076 Fax: 2555 7911  Email: info@amano.com.hk,,<a href= /en/common/pdf/global-elements/estate-locator/ChoiFookEstate-barrier-free-en.pdf  target= _blank >Barrier-Free Access (BFA) Facilities</a>
Fu Shan Estate,Wong Tai Sin,Kowloon,22.34274,114.20913,Public Rental Housing,1978   2020,Old Slab   Non-standard,4,Fu Lai House Fu Shun House Fu Yan House Fu Fai House,2 300 As at 30.6.2025,14.05 - 34.94,Formed,Chuk Yuen District Tenancy Management Office  Unit 101-108  Yung Yuen House  Chuk Yuen (N) Estate  Wong Tai Sin  Telephone: 2351 1818  Fax: 2351 9224,Pioneer Management Ltd  Floor LG1  Fu Yan House  Fu Shan Estate  Kowloon  Telephone: 2351 2115  (24-Hr Telephone: 2327 5695)  Fax: 2351 9460,Amano Parking Service Limited  Rm. E  6/F Selwyn Factory Building  404 Kwun Tong Road  Kwun Tong  Kowloon  Telephone: 2570 5690  Fax:  2555 7911  Email: info@amano.com.hk.,-,<a href= /en/common/pdf/global-elements/estate-locator/FuShanEstate-barrier-free-en.pdf  target= _blank >Barrier-Free Access (BFA) Facilities</a>
Tai Hang Tung Estate,Sham Shui Po,Kowloon,22.33268,114.17167,Public Rental Housing,1984,Linear 1  New Slab  Small Household Block,9,Tung Fai House Tung Hoi House Tung Yi House Tung Kin House Tung Lung House Tung Moon House Tung Wong House Tung Yu House Tung Shing House,2 100 As at 30.6.2025,17.7 - 50.1,Formed,Kowloon West & Sai Kung District Tenancy Management Office(4) G/F  Nam On House  Nam Shan Estate  Sham Shui Po  Telephone: 2777 3161 Fax: 2776 8371,Nice Property Management Limited G/F  Tung Wong House  Tai Hang Tung Estate  Sham Shui Po Telephone: 2788 0078 Fax: 2788 2239,Nice Property Management Limited G/F  Tung Wong House  Tai Hang Tung Estate  Sham Shui Po Telephone: 2788 0078 Fax: 2788 2239,,<a href= /en/common/pdf/global-elements/estate-locator/TaiHangTungEstate-barrier-free-en.pdf  target= _blank >Barrier-Free Access (BFA) Facilities</a>
Choi Tak Estate,Kwun Tong,Kowloon,22.3301,114.21279,Public Rental Housing,2010,Non-standard,8,Choi Shing House Choi Shun House Choi Yan House Choi Yee House Choi Chun House Choi King House Choi Leung House Choi Yin House,5 800 As at 30.6.2025,14.05 - 43.6,Formed,Housing Department Kowloon East (6) District Tenancy Management Office  Podium Level 3  Ning Wah House  Lok Wah (North) Estate  Ngau Tau Kok  Kowloon Telephone: 3499 1194 Fax: 3499 1153,Good Excel Property Consultants Ltd G/F  Choi Chun House  Choi Tak Estate  Ngau Tau Kok  Kowloon Telephone: 2756 9990 Fax: 2757 7300 E-mail: choitak@goodexcel.com.hk,Amano Parking Service Limited Rm. E  6/F Selwyn Factory Building  404 Kwun Tong Road  Kwun Tong  Kowloon Telephone: 2117 7076 Fax: 2555 7911 Email: info@amano.com.hk,,Electric vehicle charging facilities of 5 standard chargers are provided at the hourly parking spaces in the carpark at Choi Tak Shopping Centre  <a href= /en/common/pdf/global-elements/estate-locator/ChoiTakEstate-barrier-free-en.pdf  target= _blank >Barrier-Free Access (BFA) Facilities</a>
Upper Ngau Tau Kok Estate,Kwun Tong,Kowloon,22.31868,114.21725,Public Rental Housing,2002   2009,Harmony 1   Single Aspect Building  Non Standard,9,Sheung Mun House Sheung Yuet House Sheung Yat House Sheung Fu House Sheung Hing House Sheung Hong House Sheung Shing House Sheung Tai House Sheung Wing House,6 700 As at 30.6.2025,16.3 - 48.8,Formed,Housing Department Kowloon East (3) District Tenancy Management Office Podium Level 5  Tat Wah House  Lok Wah North Estate  Kwun Tong  Kowloon Telephone: 3543 0304 Fax: 3153 2196,Easy Living Consultant Limited G/F  Sheung Fu House  Upper Ngau Tau Kok Estate  Ngau Tau Kok Telephone: 2751 6006 Fax: 2751 6556,Owned and operated by private corporation,-,<a href= /en/common/pdf/global-elements/estate-locator/UpperNgauTauKokEstate-barrier-free-en.pdf  target= _blank >Barrier-Free Access (BFA) Facilities</a>
Lower Ngau Tau Kok Estate,Kwun Tong,Kowloon,22.321114,114.21527,Public Rental Housing,2012  2015,Non-standard,6,Kwai Leung House Kwai Yuet House Kwai Hin House Kwai Sun House Kwai Fai House Kwai Wah House,4 800 As at 30.6.2025,14.1 - 38.1,Formed,Housing Department Kowloon East (2) District Tenancy Management Office G/F  Fu Tong House  Yau Tong Estate  Kowloon Tel.: 2349 4189 Fax: 2174 5187,Kai Fu Property Services Company Limited Lower Ngau Tau Kok Estate Property Service Management Office  G/F of Blocks Kwai Sun House and Kwai Fai House  Lower Ngau Tau Kok Estate Tel.: 2711 2090 Fax: 2711 2390 E-mail: csa.lntk@kaifupsc.com.hk,Amano Parking Service Limited Rm. E  6/F Selwyn Factory Building  404 Kwun Tong Road  Kwun Tong  Kowloon Telephone: 2117 7076 Fax: 2555 7911 Email: info@amano.com.hk,-,<a href= /en/common/pdf/global-elements/estate-locator/LowerNgauTauKokEstate-barrier-free-en.pdf  target= _blank >Barrier-Free Access (BFA) Facilities</a>
Wang Tau Hom Estate,Wong Tai Sin,Kowloon,22.3409,114.18601,Public Rental Housing,1982 - 1993,Double H  Harmony 3  Linear L  Linear 1  Linear 3,18,Wang Chak House Wang Fai House Wang Kwong House Wang On House Wang Wai House Wang Chung House Wang Chiu House Wang Cho House Wang Fu House Wang Hau House Wang Hing House Wang Hin House Wang Kei House Wang Lai House Wang Leung House Wang Tak House Wang Yip House Wang Yiu House,5 900 As at 30.6.2025,12.2 - 52.3,Formed,Wang Tau Hom Estate Tenancy Management Office G/F  Wang Fai House  Wang Tau Hom Estate  Wang Tau Hom Telephone: 2336 1053 Fax: 2336 5231,Modern Living Property Management Ltd.  G/F  Wang Fai House  Wang Tau Hom Estate  Wang Tau Hom Telephone: 2336 0258 Fax: 2337 6546,Owned and operated by private corporation,-,<a href= /en/common/pdf/global-elements/estate-locator/WangTauHomEstate-barrier-free-en.pdf  target= _blank >Barrier-Free Access (BFA) Facilities</a>
Yau Lai Estate,Kwun Tong,Kowloon,22.30194,114.23627,Public Rental Housing,2004  2009  2010  2011  2019,NCB  Non-standard,14,Bik Lai House Chi Lai House Nga Lai House Sau Lai House Yat Lai House Yi Lai House Ying Lai House Fung Lai House Tsui Lai House Hong Lai House Yan Lai House Cheuk Lai House Yung Lai House Shun Lai House,9 000 As at 30.6.2025,14.05 - 53.6,Formed,Housing Department Kowloon East (5) District Tenancy Management Office G/F  Yi Lai House  Yau Lai Estate  Yau Tong  Kowloon Telephone: 2629 4372 Fax: 2629 4210,Kai Fu Property Services Company Limited  G/F  Fung Lai House  Yau Lai Estate  Yau Tong  Kowloon Telephone: 2629 4398 Fax: 2629 4478,Amano Parking Service Limited Rm. E  6/F Selwyn Factory Building  404 Kwun Tong Road  Kwun Tong  Kowloon Telephone: 2117 7076 Fax: 2555 7911 Email: info@amano.com.hk,-,<a href= /en/common/pdf/global-elements/estate-locator/YauLaiEstate-barrier-free-en.pdf  target= _blank >Barrier-Free Access (BFA) Facilities</a>
Lam Tin Estate,Kwun Tong,Kowloon,22.31041,114.23588,Public Rental Housing,2009,Non-standard,4,Lam Fai House Lam Tai House Lam Bik House Lam Wai House,3 000 As at 30.6.2025,17.97 - 38.05,Formed,Housing Department Lam Tin Estate Office G/F  Lam Tai House  Lam Tin Estate  Lam Tin  Kowloon Telephone: 2769 8187 Fax: 2480 6270,Housing Department Lam Tin Estate Office G/F  Lam Tai House  Lam Tin Estate  Lam Tin  Kowloon Telephone: 2769 8187 Fax: 2480 6270,Housing Department Lam Tin Estate Office G/F  Lam Tai House  Lam Tin Estate  Lam Tin  Kowloon Telephone: 2769 8187 Fax: 2480 6270,-,<a href= /en/common/pdf/global-elements/estate-locator/LamTinEstate-barrier-free-en.pdf  target= _blank >Barrier-Free Access (BFA) Facilities</a>
Mei Tung Estate,Wong Tai Sin,Kowloon,22.33314,114.19014,Public Rental Housing,2010  2014,Non-standard,2,Mei Yan House Mei Tak House,1 800 As at 30.6.2025,14.4 - 39.7,Formed,Mei Tung Estate Office 3/F. Mei Tak House  Mei Tung Estate 23 Pui Man Street  Wong Tai Sin  Kowloon Telephone: 2338 0521 Fax: 2338 2953,Mei Tung Estate Office 3/F. Mei Tak House  Mei Tung Estate 23 Pui Man Street  Wong Tai Sin  Kowloon Telephone: 2338 0521 Fax: 2338 2953,Amano Parking Service Limited  Rm. E  6/F Selwyn Factory Building  404 Kwun Tong Road  Kwun Tong  Kowloon  Telephone: 2570 5690  Fax:  2555 7911  Email: info@amano.com.hk.,-,<a href= /en/common/pdf/global-elements/estate-locator/MeiTungEstate-barrier-free-en.pdf  target= _blank >Barrier-Free Access (BFA) Facilities (Mei Yan House and Mei Tak House)</a>
Wing Cheong Estate,Sham Shui Po,Kowloon,22.32916,114.15537,Public Rental Housing,2013,Non-standard,2,Wing Chun House Wing Kit House,1 500 As at 30.6.2025,14.5-41.63,Formed,Kowloon West & Sai Kung District Tenancy Management Office(5) 1/F  Hong Ching House  Kai Ching Estate  Kowloon Telephone: 2382 3151 Fax: 2716 7199,Good Excel Property Consultants Ltd. G/F.  Wing Chun House  Wing Cheong Estate  Sham Shui Po  Kowloon Telephone: 2323 0680 Fax: 2323 8480,Good Excel Property Consultants Ltd. G/F.  Wing Chun House  Wing Cheong Estate  Sham Shui Po  Kowloon Telephone: 2323 0680 Fax: 2323 8480,-,<a href= /en/common/pdf/global-elements/estate-locator/WingCheongEstate-barrier-free-en.pdf  target= _blank >Barrier-Free Access (BFA) Facilities</a>
Oi Man Estate,Kowloon City,Kowloon,22.31313,114.17884,Public Rental Housing,1974,Old Slab  Twin Tower,12,Tak Man House Chiu Man House Shun Man House Kin Man House Kar Man House Lai Man House Hong Man House Po Man House Sun Man House Tun Man House Chung Man House Wai Man House,6 300 As at 30.6.2025,33.2 - 54.9,Formed,Oi Man Estate Office Unit 407-415  4/F  Kar Man House   Oi Man Estate  Ho Man Tin Telephone: 2713 0121  (24-Hr Telephone: 2762 2436) Fax: 2768 7653,Oi Man Estate Office Unit 407-415  4/F  Kar Man House   Oi Man Estate  Ho Man Tin Telephone: 2713 0121  (24-Hr Telephone: 2762 2436) Fax: 2768 7653,Owned and operated by private corporation,-,<a href= /en/common/pdf/global-elements/estate-locator/OiManEstate-barrier-free-en.pdf  target= _blank >Barrier-Free Access (BFA) Facilities</a>
Hoi Fu Court,Yau Tsim Mong,Kowloon,22.31686,114.16454,Public Rental Housing / Buy or Rent Option,1999  2004,Harmony 1  Senior Citizens  Small Household Block  New Harmony,5,Hoi Lam House Hoi Tai House Hoi Yu House Hoi Wen House Hoi Yan House,2 800 As at 30.6.2025,9.7 - 57.5,Not applicable (Owners' Corporation Formed),Kowloon West & Sai Kung District Tenancy Management Office(11) G/F  Hoi Tai House  Hoi Fu Court  Mongkok Telephone: 2625 4370 Fax: 2625 5071,(Hoi Lam House  Hoi Yu House  Hoi Wen House) Creative Property Services Consultants Ltd. G/F  Hoi Lam House  Hoi Fu Court  Mong Kok Telephone: 2625 4640 Fax: 2625 4397  (Hoi Tai House  Hoi Yan House) Good Excel Property Consultants Ltd. G/F  Hoi Tai House  Hoi Fu Court  Mong Kok Telephone: 2625 4370 Fax: 3152 2174,Owned and operated by private corporation,-,* Includes flats  households and authorized population under Public Rental Housing only - Hoi Ning House has been sold under the Buy or Rent Option Phase 1   <a href= /en/common/pdf/global-elements/estate-locator/HoiFuCourt-barrier-free-en.pdf  target= _blank >Barrier-Free Access (BFA) Facilities</a>
Choi Wan (I) Estate,Wong Tai Sin,Kowloon,22.33301,114.21512,Public Rental Housing,1979,Double H  Old Slab  Single H,16,Boon Yuet House Cheung Bor House Chi Siu House Fei Fung House Kam Lam House King San House Koon Yat House Ngan Ho House Pak Fung House Pak Hung House Sau Man House Sing San House Sze Yu House Yau Lung House Yuk Lun House Yat Yuet House,5 900 As at 30.6.2025,28.6 - 67.9,Formed,Choi Wan (I) Estate Office Unit 108-115  G/F  Boon Yuet House  Choi Wan Estate  Kowloon. Telephone: 2750 7211 Fax: 2750 8477,Choi Wan (I) Estate Office Unit 108-115  G/F  Boon Yuet House  Choi Wan Estate  Kowloon. Telephone: 2750 7211 Fax: 2750 8477,Owned and operated by private corporation,-,<a href= /en/common/pdf/global-elements/estate-locator/ChoiWanIEstate-barrier-free-en.pdf  target= _blank >Barrier-Free Access (BFA) Facilities</a>
Chuk Yuen (North) Estate,Wong Tai Sin,Kowloon,22.34581,114.19293,Tenants Purchase Scheme,1987,Trident 3,8,Chung Yuen House Cheung Yuen House Mui Yuen House Pak Yuen House Toa Yuen House Tung Yuen House Wai Yuen House Yung Yuen House,700 * As at 30.6.2025,Gross Floor Areas (sqm):17.7 - 63.6; Saleable Areas (sqm):13.7 - 49.3,Not applicable (Owners' Corporation Formed),Chuk Yuen District Tenancy Management Office Unit 101-108  Yung Yuen House  Chuk Yuen (N) Estate  Wong Tai Sin Telephone: 2351 1818 Fax: 2351 9224  Chuk Yuen (North) Estate Tenants Service Management Office Funing Property Management Ltd. G/F.  115A  Tung Yuen House  Chuk Yuen (North) Estate  Wong Tai Sin Telephone: 2726 3111 Fax: 2726 5077,Appointed by Owners' Corporation,Owned and operated by private corporation,-,* Includes flats  households and authorized population under Public Rental Housing only
Chuk Yuen South Estate,Wong Tai Sin,Kowloon,22.34463,114.19064,Public Rental Housing,1984,Double H  Old Slab  Twin Tower,8,Chui Yuen House Fu Yuen House Kwai Yuen House Lai Yuen House Nga Yuen House Sau Yuen House Wah Yuen House Wing Yuen House,6 200 As at 30.6.2025,11.5 - 64.0,Formed,Chuk Yuen District Tenancy Management Office Unit 101-108  Yung Yuen House  Chuk Yuen (N) Estate  Wong Tai Sin Telephone: 2351 1818 Fax: 2351 9224,Easy Living Consultant Limited G/F  Wah Yuen House  Chuk Yuen (South) Estate  Wong Tai Sin Telephone: 2327 8818 Fax: 2327 8808,Owned and operated by private corporation,-,<a href= /en/common/pdf/global-elements/estate-locator/ChukYuenSouthEstate-barrier-free-en.pdf  target= _blank >Barrier-Free Access (BFA) Facilities</a>
Lower Wong Tai Sin (2) Estate,Wong Tai Sin,Kowloon,22.33989,114.19119,Public Rental Housing,1982,Double H  Harmony 3  Old Slab  Single H,15,Lung Fook House Lung Gut House Lung Hing House Lung Kwong House Lung Lok House Lung On House Lung Shing House Lung Cheong House Lung Chi House Lung Fai House Lung Hei House Lung Moon House Lung Tai House Lung Wai House Lung Wo House,6 700 As at 30.6.2025,13.5 - 59.4,Formed,Wong Tai Sin District Tenancy Management Office  G/F  Lung Chi House  Lower Wong Tai Sin (II) Estate  Wong Tai Sin Telephone: 2326 8962 Fax: 2326 6143,Pioneer Management Ltd. G/F  Lung Wai House  Lower Wong Tai Sin (II) Estate  Wong Tai Sin Telephone: 2726 5675 Fax: 2351 9194,Owned and operated by private corporation,-,<a href= /en/common/pdf/global-elements/estate-locator/LowerWongTaiSin2Estate-barrier-free-en.pdf  target= _blank >Barrier-Free Access (BFA) Facilities</a>
Fung Tak Estate,Wong Tai Sin,Kowloon,22.34489,114.20121,Tenants Purchase Scheme,1991,New Slab  Trident 3  Trident 4,7,Ban Fung House Chu Fung House Ngan Fung House Pik Fung House Suet Fung House Toi Fung House Tsz Fung House,800 * As at 30.6.2025,Gross Floor Areas (sqm):15.3 - 71.8;Saleable Areas (sqm):11.7 - 55.6,Not applicable (Owners' Corporation Formed),Tsz Wan Shan District Tenancy Management Office Unit 211-224  Ban Fung House  Fung Tak Estate  Diamond Hill Telephone: 2324 0096 Fax: 2752 8665  Fung Tak Estate Tenants Service Management Office Funing Property Management Ltd. Room 211-224  Ban Fung House  Fung Tak Estate  Diamond Hill Telephone: 3568 0086 Fax: 2321 0733,Appointed by Owners' Corporation,Owned and operated by private corporation,-,* Includes flats  households and authorized population under Public Rental Housing only
Lok Fu Estate,Wong Tai Sin,Kowloon,22.33818,114.18666,Public Rental Housing,1984,Harmony 1  Linear 3  New Slab,11,Lok Tai House Lok Him House Lok Man House Lok Tsui House Lok Tung House Wang Hong House Wang Lok House Wang Shun House Wang Tat House Wang Yuk House Wang Yat House,3 700 As at 30.6.2025,12.2 - 57.7,Formed,Lok Fu Estate Office Podium Level 1  Hong Kong Housing Authority Customer Service Centre  3 Wang Tau Hom South Road  Kowloon. Telephone: 2336 5144 Fax: 2337 6523,Lok Fu Estate Office Podium Level 1  Hong Kong Housing Authority Customer Service Centre  3 Wang Tau Hom South Road  Kowloon. Telephone: 2336 5144 Fax: 2337 6523,Owned and operated by private corporation,-,<a href= /en/common/pdf/global-elements/estate-locator/LokFuEstate-barrier-free-en.pdf  target= _blank >Barrier-Free Access (BFA) Facilities</a>
Yau Tong Estate,Kwun Tong,Kowloon,22.29744,114.23853,Public Rental Housing,2000,Harmony 1  New Cruciform Block,5,Fu Tong House  Kwai Tong House Wing Tong House Wah Tong House Mei Tong House,3 600 As at 30.6.2025,16.3 - 53.7,Formed,Housing Department Kowloon East (2) District Tenancy Management Office G/F  Fu Tong House  Yau Tong Estate  Kowloon Telephone: 2349 4189 Fax: 2174 5187,Creative Property Services Consultants Ltd. G/F  Fu Tong House  Yau Tong Estate  Yau Tong  Kowloon Telephone: 2349 4189 Fax: 3194 0310 E-mail: yat@cpsc.hk,-,-,<a href= /en/common/pdf/global-elements/estate-locator/YauTongEstate-barrier-free-en.pdf  target= _blank >Barrier-Free Access (BFA) Facilities</a>
Hung Hom Estate,Kowloon City,Kowloon,22.30736,114.18906,Public Rental Housing,1999  2011,Harmony 3  Small Household Block   Non-Standard Block,5,Hung Hom Estate (Phase 1) Hung Fai House Hung Sing House  Hung Hom Estate (Phase 2) Hung Yat House Hung Yan House Hung Yiu House,2 800 As at 30.6.2025,14.05 - 52.2,Formed,Kowloon West & Sai Kung District Tenancy Management Office(1) G/F  Nga Man House  Homantin Estate  Kowloon Tel: 2242 0277 Fax: 2194 1305,Good Excel Property Consultants Ltd. G/F  Hung Fai House  Hung Hom Estate  Hung Hom Telephone: 2365 2387  Fax: 2954 4384,Hung Hom Estate (Phase 1) Carpark Owned and operated by private corporation  Hung Hom Estate (Phase 2) Carpark Good Excel Property Consultants Ltd. G/F  Hung Fai House  Hung Hom Estate  Hung Hom Telephone: 2365 2387  Fax: 2954 4384,-,<a href= /en/common/pdf/global-elements/estate-locator/HungHomEstate-barrier-free-en.pdf  target= _blank >Barrier-Free Access (BFA) Facilities</a>
Shatin Pass Estate,Wong Tai Sin,Kowloon,22.34964,114.19499,Public Rental Housing,2011,Non-Standard Block,2,Wo Tin House Shun Tin House,1 300 As at 30.6.2025,17.42 - 39.88,Formed,Tsz Ching Estate Office G/F  Ching Hong House  Tsz Ching Estate  Tsz Wan Shan Tel: 2325 0104 Fax: 2351 4358,Pioneer Management Limited G/F Wo Tin House  Shatin Pass Estate Tel: 3563 5640 Fax: 3563 5647,Pioneer Management Limited,-,<a href= /en/common/pdf/global-elements/estate-locator/ShatinPassEstate-barrier-free-en.pdf  target= _blank >Barrier-Free Access (BFA) Facilities</a>
Choi Ying Estate,Kwun Tong,Kowloon,22.32756,114.21542,Public Rental Housing,2008,New Harmony 1,5,Ying Fu House Ying On House Ying Hong House Ying Lok House Ying Shun House,4 000 As at 30.6.2025,17.99 to 39.59,Formed,Housing Department Kowloon East (6) District Tenancy Management Office (Sub-office) Podium Level 3  Ning Wah House  Lok Wah (North) Estate  Ngau Tau Kok  Kowloon Telephone: 3499 1194 Fax: 3499 1153,Easy Living Consultant Limited G/F  Ying Fu House  Choi Ying Estate  Kowloon Telephone: 2331 2845 Fax: 2755 1311,Amano Parking Service Limited Rm. E  6/F Selwyn Factory Building  404 Kwun Tong Road  Kwun Tong  Kowloon Telephone: 2117 7076 Fax: 2555 7911 Email: info@amano.com.hk,-,<a href= /en/common/pdf/global-elements/estate-locator/ChoiYingEstate-barrier-free-en.pdf  target= _blank >Barrier-Free Access (BFA) Facilities</a>
Ping Shek Estate,Kwun Tong,Kowloon,22.33356,114.2096,Public Rental Housing,1970,Old Slab  Single Tower,7,Hung Shek House Kam Shek House Lam Shek House Tsuen Shek House Tsui Shek House Wong Shek House Yuk Shek House,4 600 As at 30.6.2025,30.6 - 38.8,Formed,Housing Department Ping Shek Estate Office 2/F  Yuk Shek House  Ping Shek Estate  Kowloon Telephone: 2323 8121 Fax: 2351 4367,Housing Department Ping Shek Estate Office 2/F  Yuk Shek House  Ping Shek Estate  Kowloon Telephone: 2323 8121 Fax: 2351 4367,Amano Parking Service Limited Rm. E  6/F Selwyn Factory Building  404 Kwun Tong Road  Kwun Tong  Kowloon Telephone: 2117 7076 Fax: 2555 7911 Email: info@amano.com.hk,-,<a href= /en/common/pdf/global-elements/estate-locator/PingShekEstate-barrier-free-en.pdf  target= _blank >Barrier-Free Access (BFA) Facilities</a>
Nam Cheong Estate,Sham Shui Po,Kowloon,22.32642,114.15827,Tenants Purchase Scheme,1989,Linear 1  Linear 3,7,Cheong Chung House Cheong Him House Cheong Chit House Cheong On House Cheong Shun House Cheong Yat House Cheong Yin House,400 * As at 30.6.2025,Gross Floor Areas (sqm):19.3 - 70.8 Saleable Areas (sqm): 13.5 - 49.4,Not applicable (Owners' Corporation Formed),Kowloon West & Sai Kung District Tenancy Management Office(11) G/F  Lai Mei House  Lai Kok Estate   Sham Shui Po Tel: 2361 0070 Fax: 2148 2463  Nam Cheong Estate Tenants Service Management Office   Good Excel Property Consultants Ltd. No.8-9 G/F.  Cheong On House  Nam Cheong Estate  Shamshuipo  Kowloon  Tel: 2386 9311  Fax: 2386 9334,Appointed by Owners' Corporation,Owned and operated by private corporation,-,* Includes flats  households and authorized population under Public Rental Housing only
Fu Cheong Estate,Sham Shui Po,Kowloon,22.32861,114.15465,Public Rental Housing,2001,Harmony 1  Senior Citizens  Single Aspect Building,10,Fu Hoi House Fu Leung House Fu Loy House Fu Sing House Fu Wong House Fu Wen House Fu Yee House Fu Ying House Fu Yun House Fu Yuet House,6 000 As at 30.6.2025,9.6 - 52.1,Formed,Fu Cheong Estate Office G/F  Fu Ying House  Fu Cheong Estate  Sham Shui Po  Kowloon Tel: 2361 8181 Fax: 2361 3030,Fu Cheong Estate Office G/F  Fu Ying House  Fu cheong Estate   Sham Shui Po  Kowloon Telephone: 2361 8181 Fax: 2361 3030,Owned and operated by private corporation,-,<a href= /en/common/pdf/global-elements/estate-locator/FuCheongEstate-barrier-free-en_2021.pdf  target= _blank >Barrier-Free Access (BFA) Facilities</a>
Lai Kok Estate,Sham Shui Po,Kowloon,22.33224,114.15681,Public Rental Housing,1981,Old Slab  Triple I,8,Lai Fu House Lai Huen House Lai Ho House Lai Kuk House Lai Kwai House Lai Lan House Lai Lo House Lai Mei House,3 000 As at 30.6.2025,11.2 - 39.4,Formed,Lai Kok Estate Office 1/F  Lai Kwai House  Lai Kok Estate   Sham Shui Po Telephone: 2361 0217 (24-Hr Telephone 2304 3657)  Fax: 2748 7093,Lai Kok Estate Office 1/F  Lai Kwai House  Lai Kok Estate   Sham Shui Po Telephone: 2361 0217 (24-Hr Telephone 2304 3657)  Fax: 2748 7093,Owned and operated by private corporation,-,<a href= /en/common/pdf/global-elements/estate-locator/LaiKokEstate-barrier-free-en.pdf  target= _blank >Barrier-Free Access (BFA) Facilities</a>
Lai On Estate,Sham Shui Po,Kowloon,22.33077,114.15847,Public Rental Housing,1993,Harmony 1,5,Lai Ching House Lai Lim House Lai Ping House Lai Tak House Lai Wing House,1 400 As at 30.6.2025,13.1 - 43.6,Formed,Lai On Estate Office G/F  Lai Ping House   Lai On Estate  Sham Shui Po  Telephone: 2725 5750  (24-Hr Telephone 2720 0275) Fax: 2708 3870,Lai On Estate Office G/F  Lai Ping House   Lai On Estate  Sham Shui Po  Telephone: 2725 5750 (24-Hr Telephone 2720 0275) Fax: 2708 3870,Owned and operated by private corporation,-,<a href= /en/common/pdf/global-elements/estate-locator/LaiOnEstate-barrier-free-en.pdf  target= _blank >Barrier-Free Access (BFA) Facilities</a>
Lei Cheng Uk Estate,Sham Shui Po,Kowloon,22.33921,114.16013,Tenants Purchase Scheme,1984,Double H  Linear 1  Linear 3  Old Slab  Trident 4,10,Chung Hou House Hau Chi House Hau Lim House Lim Kit House Lai Yeung House Shun Yee House Tao Tak House Wo Muk House Wo Ping House Yan Oi House,700 * As at 30.6.2025,Gross Floor Areas (sqm):27.8 - 84.3;  Saleable Areas (sqm):21.5 - 65.1,Not applicable (Owners' Corporation Formed),Kowloon West & Sai Kung District Tenancy Management Office(11) G/F  Lai Mei House  Lai Kok Estate  Sham Shui Po Tel: 2361 0070 Fax: 2148 2463  Lei Cheng Uk Estate Tenants Service Management Office  Good Excel Property Consultants Ltd. Unit 317  P/F  Shun Yee House  Lei Cheng Uk Estate  Kowloon   Tel: 2728 2239  Fax: 2728 2790,Appointed by Owners' Corporation,Owned and operated by private corporation,,* Includes flats  households and authorized population under Public Rental Housing only
Ko Cheung Court,Kwun Tong,Kowloon,22.29693,114.24012,Public Rental Housing,2004,NCB,5,Ko Hang House Ko Ki House Ko Lun House Ko On House Ko Sui House,1 800 As at 30.6.2025,31.5 - 53.6,Formed,Housing Department Kowloon East (4) District Tenancy Management Office  G/F  Wun Wah House  Lok Wah South Estate  Ngau Tou Kok  Kowloon Telephone: 2755 6613 Fax: 2757 2551,China Overseas Property Services Ltd. (Public Rental Housing In-flat) 4/F  Podium  Ko On House  Ko Cheung Court  Ko Chiu Court  Yau Tong Telephone: 3417 1128 Fax: 3417 1138  China Overseas Property Services Ltd. (Estate Common Areas and Facilities) G/F  Wai Mei House  Yau Mei Court  Yau Tong Telephone: 2204 5080 Fax: 2204 5088,Amano Parking Service Limited Rm. E  6/F Selwyn Factory Building  404 Kwun Tong Road  Kwun Tong  Kowloon Telephone: 2117 7076 Fax: 2555 7911 Email: info@amano.com.hk,-,<a href= /en/common/pdf/global-elements/estate-locator/KoCheungCourt-barrier-free-en.pdf  target= _blank >Barrier-Free Access (BFA) Facilities</a>
Hoi Lai Estate,Sham Shui Po,Kowloon,22.33224,114.14635,Public Rental Housing,2004,New Cruciform  Non Standard,12,Hoi Chi House Hoi Ching House Hoi Fai House Hoi Hei House Hoi Kin House Hoi Ming House Hoi Nga House Hoi Shui House Hoi Shun House Hoi Wai House Hoi Wo House Hoi Yin House,4 900 As at 30.6.2025,17.4 - 53.6,Formed,Hoi Lai Estate Office G/F  Hoi Ching House  Hoi Lai Estate  Sham Shui Po Telephone: 2947 1368 Fax: 2760 4885,Hoi Lai Estate Office G/F  Hoi Ching House  Hoi Lai Estate  Sham Shui Po Telephone: 2947 1368 Fax: 2760 4885,Yue Xiu APT Parking Limited Room 2102  21/F.  SUP Tower  75-83 King's Road  North Point  Hong Kong Telephone: 3598 9277  Fax: 2523 7892  E-mail: ALex.IP@yuexiuproperty.com,-,<a href= /en/common/pdf/global-elements/estate-locator/HoiLaiEstate-barrier-free-en.pdf  target= _blank >Barrier-Free Access (BFA) Facilities</a>
Ho Man Tin Estate,Kowloon City,Kowloon,22.31826,114.18113,Public Rental Housing,1998,Harmony 1  Harmony 3B  Small Household Block,9,Ching Man House King Man House Nga Man House Tim Man House Yat Man House Choi Man House Sik Man House Yee Man House Yan Man House,4 700 As at 30.6.2025,16.3 - 52.2,Formed,Kowloon West & Sai Kung District Tenancy Management Office(4) G/F  Nga Man House  Homantin Estate  Kowloon Tel: 2242 0277 Fax: 2194 1305,Good Excel Property Consultants Ltd. G/F  Nga Man House  Ho Man Tin Estate  Ho Man Tin Telephone: 2176 4552 Fax: 2242 1253,Homantin Estate Carpark Owned and operated by private corporation  King Man House Carpark Good Excel Property Consultants Ltd. G/F  Nga Man House  Ho Man Tin Estate  Ho Man Tin Telephone: 2176 4552 Fax: 2242 1253,-,<a href= /en/common/pdf/global-elements/estate-locator/HoManTinEstate-barrier-free-en.pdf  target= _blank >Barrier-Free Access (BFA) Facilities</a>
Shun Tin Estate,Kwun Tong,Kowloon,22.32656,114.2259,Public Rental Housing,1981,Double I  Linear 1  Old Slab  Twin Tower,11,Tin Chi House Tin Fai House Tin Wing House Tin Hang House Tin Kei House Tin Lok House Tin Kam House Tin Kuen House Tin Chu House Tin Wan House Tin Yiu House,7 000 As at 30.6.2025,23.1 - 49.1,Formed,Housing Department Shun Tin Estate Office G/F  Tin Fai House  Shun Tin Estate  Kwun Tong  Kowloon Telephone: 2797 2010 Fax: 2763 6050,Housing Department Shun Tin Estate Office G/F  Tin Fai House  Shun Tin Estate  Kwun Tong  Kowloon Telephone: 2797 2010 Fax: 2763 6050,Owned and operated by private corporation,-,<a href= /en/common/pdf/global-elements/estate-locator/ShunTinEstate-barrier-free-en.pdf  target= _blank >Barrier-Free Access (BFA) Facilities</a>
Un Chau Estate,Sham Shui Po,Kowloon,22.33665,114.15599,Public Rental Housing,1998  2008  2012,Harmony 1  Senior Citizens  New Harmony 1  Small Household Block  Non-standard Block,14,(Un Chau Phase 1 & 3) Un Fung House Un Hong House Un Shing House Un Tai House Un Wo House  (Un Chau Phase 2 & 4) Un Lok House  Un Nga House  Un Chi House  Un Hei House  Un Kin House    (Un Chau Phase 5) Un Mun House Un Wai House Un Yat House Un Him House,7 800 As at 30.6.2025,9.7 - 49.0,Formed,Kowloon West and Sai Kung District Tenancy Management Office(12) Podium  Un Chau Shopping Centre  Un Chau Estate   Shamshuipo  Kowloon. Telephone :  2728 7714 Fax : 2748 7087,Pioneer Management Ltd.  G/F Un Mun House  Un Chau Estate  Sham Shui Po Telephone: 2387 0023 Fax: 2295 3183,Owned and operated by private corporation,-,<a href= /en/common/pdf/global-elements/estate-locator/UnChauEstate1-barrier-free-en.pdf  target= _blank >Barrier-Free Access (BFA) Facilities</a>
Lower Wong Tai Sin (1) Estate,Wong Tai Sin,Kowloon,22.33921,114.1948,Tenants Purchase Scheme,1989,Linear 1  Trident 4,9,Lung Chak House Lung Tat House Lung Wing House Lung Fung House Lung Hong House Lung Shun House Lung Wah House Lung Yat House Lung Yue House,900 * As at 30.6.2025,Gross Floor Areas (sqm):19.1 - 75.0; Saleable Areas (sqm):13.5 - 55.6,Not applicable (Owners' Corporation Formed),Wong Tai Sin District Tenancy Management Office G/F  Lung Chi House  Lower Wong Tai Sin (II) Estate  Wong Tai Sin Telephone: 2326 8962 Fax: 2326 6143  Lower Wong Tai Sin (1) Estate Tenants Services Management Office Funing Property Management  Ltd. Unit 115-116  G/F  Lung Wah House  Lower Wong Tai Sin (1) Estate  Kowloon Telephone: 2726 5220 Fax: 2726 3823,Appointed by Owners' Corporation,Owned and operated by private corporation,-,* Includes flats  households and authorized population under Public Rental Housing only
Tung Tau (II) Estate,Wong Tai Sin,Kowloon,22.33306,114.19336,Tenants Purchase Scheme,1982,Double H  Linear 1  Linear 3  Single H  Slab  Trident 4,20,Chun Tung House Fu Tung House Hong Tung House Kwai Tung House On Tung House Pak Tung House Shing Tung House Tai Tung House Wong Tung House Yue Tung House Choi Tung House Cheung Tung House Hing Tung House Mau Tung House Wai Tung House Wing Tung House Yan Tung House Yat Tung House Ying Tung House Yiu Tung House,1 300 * As at 30.6.2025,Gross Floor Areas (sqm):18.9 - 84.5; Saleable Areas (sqm):13.5 - 65.1,Not applicable (Owners' Corporation Formed),Wong Tai Sin District Tenancy Management Office  G/F  Lung Chi House  Lower Wong Tai Sin (II) Estate  Wong Tai Sin  Telephone: 2326 8962  Fax: 2326 6143  Tung Tau (II) Estate Tenants Service Management Office Funing Property Management  Ltd. No. 12  G/F.  Mau Tung House  Tung Tau (II) Estate  Wong Tai Sin Telephone: 2716 7966 Fax: 2726 3823,Appointed by Owners' Corporation,Owned and operated by private corporation,-,* Includes flats  households and authorized population under Public Rental Housing only
Upper Wong Tai Sin Estate,Wong Tai Sin,Kowloon,22.3427,114.1927,Public Rental Housing,2000  2009,Harmony 1 & Annex Block  Harmony 1  Single Aspect Building  Non-standard Block,8,Cheong Sin House Chiu Sin House Kai Sin House Po Sin House Tat Sin House Yat Sin House Yiu Sin House Wing Sin House,4 900 As at 30.6.2025,16.3 - 49.0,Formed,Wong Tai Sin District Tenancy Management Office (4) Podium  Temple Mall North  136 Lung Cheung Road  Wong Tai Sin Telephone: 3572 0040 Fax: 3572 0044,Funing Property Management Ltd. Podium  Temple Mall North  136 Lung Cheung Road  Wong Tai Sin Telephone: 2321 2004 Fax: 2352 6676,Owned and operated by private corporation,-,<a href= /en/common/pdf/global-elements/estate-locator/UpperWongTaiSinEstate-barrier-free-en.pdf  target= _blank >Barrier-Free Access (BFA) Facilities</a>
Tsz Ching Estate,Wong Tai Sin,Kowloon,22.34989,114.20263,Public Rental Housing,1993 / 2001,Harmony 1  Harmony 3  Harmony 3A  Non-standard,11,Ching Fai House Ching Hong House Ching Ming House Ching On House Ching Tai House Ching Tak House Ching Wo House Ching Yi House Ching Yuk House Ching Yuen House Ancillary Facilities Block,8 100 As at 30.6.2025,13.0 - 52.3,Formed,Tsz Ching Estate Office G/F  Ching Hong House  Tsz Ching Estate  Tsz Wan Shan Telephone: 2325 0104 Fax: 2351 4358,Tsz Ching Estate Office G/F  Ching Hong House  Tsz Ching Estate  Tsz Wan Shan Telephone: 2325 0104 Fax: 2351 4358,Owned and operated by private corporation,-,<a href= /en/common/pdf/global-elements/estate-locator/TszChingEstate-barrier-free-en2023.pdf  target= _blank >Barrier-Free Access (BFA) Facilities</a>
Tsz Hong Estate,Wong Tai Sin,Kowloon,22.34727,114.20305,Public Rental Housing,2002,New Cruciform,5,Hong Kin House Hong Sau House  Hong Tak House Hong Tim House                       Hong Yun House,2 000 As at 30.6.2025,31.7 - 53.8,Formed,Tsz Wan Shan District Tenancy Management Office Unit 211-224  Ban Fung House  Fung Tak Estate  Diamond Hill Telephone: 2324 0096 Fax: 2752 8665,Pioneer Management Ltd G/F  Hong Tim House  Tsz Hong Estate  Tsz Wan Shan Telephone: 2997 5151 Fax: 2997 5000,-,-,<a href= /en/common/pdf/global-elements/estate-locator/TszHongEstate-barrier-free-en.pdf  target= _blank >Barrier-Free Access (BFA) Facilities</a>
Tsz Man Estate,Wong Tai Sin,Kowloon,22.34817,114.20383,Public Rental Housing,1994,Harmony 1,3,Man Kin House Man Tai House Man Yue House,2 000 As at 30.6.2025,16.9 - 49.3,Formed,Tsz Wan Shan District Tenancy Management Office Unit 211-224  Ban Fung House  Fung Tak Estate  Tsz Wan Shan Telephone: 2324 0096 Fax: 2752 8665,Pioneer Management Ltd  G/F  Hong Sau House  Tsz Hong Estate  Tsz Wan Shan   Telephone: 2324 4176  (24-Hr Telephone: 2324 1679)  Fax: 2351 9164,Owned and operated by private corporation,-,<a href= /en/common/pdf/global-elements/estate-locator/TszManEstate-barrier-free-en.pdf  target= _blank >Barrier-Free Access (BFA) Facilities</a>
Choi Fai Estate,Wong Tai Sin,Kowloon,22.33539,114.21799,Public Rental Housing,1995,Harmony 1,2,Choi Wah House Choi Yip House,1 400 As at 30.6.2025,16.1 - 43.2,Formed,Chuk Yuen District Tenancy Management Office   Unit 101-108  Yung Yuen House  Chuk Yuen (North) Estate  Wong Tai Sin Telephone: 2351 1818 Fax: 2351 9224,Modern Living Property Management Ltd.  G/F  Choi Yip House  Choi Fai Estate Telephone: 2707 9978 Fax: 2758 2929,Owned and operated by private corporation,-,<a href= /en/common/pdf/global-elements/estate-locator/ChoiFaiEstate-barrier-free-en.pdf  target= _blank >Barrier-Free Access (BFA) Facilities</a>
Wan Hon Estate,Kwun Tong,Kowloon,22.3179,114.22325,Public Rental Housing,1998,Small Household Block,2,Hon Chung House Hon Pak House,1 000 As at 30.6.2025,17.3 - 53.8,Formed,Housing Department Kowloon East (8) District Tenancy Management Office 2/F  Yuk Shek House  Ping Shek Estate  Kowloon Telephone: 2323 8121 Fax: 2351 4367,Pacific Extend Properties Management Limited G/F  Hon Chung House  Wan Hon Estate  Kwun Tong Telephone: 2172 7363 Fax: 2172 7255,Pacific Extend Properties Management Limited G/F  Hon Chung House  Wan Hon Estate  Kwun Tong Telephone: 2172 7363 Fax: 2172 7255,-,<a href= /en/common/pdf/global-elements/estate-locator/WanHonEstate-barrier-free-en.pdf  target= _blank >Barrier-Free Access (BFA) Facilities</a>
Wo Lok Estate,Kwun Tong,Kowloon,22.31625,114.2275,Public Rental Housing,1962,Old Slab,11,Cheung On House Fu On House Hang On House Hing On House Kin On House Kui On House Man On House Ping On House Sun On House Tai On House Yee On House,1 900 As at 30.6.2025,24.0 - 32.6,Formed,Housing Department Wo Lok Estate Office G/F  Ping On House  Wo Lok Estate  60 Yuet Wah Street  Kwun Tong  Kowloon Telephone: 2389 0020 Fax: 2763 6648,Housing Department Wo Lok Estate Office G/F  Ping On House  Wo Lok Estate  60 Yuet Wah Street  Kwun Tong  Kowloon Telephone: 2389 0020 Fax: 2763 6648,Amano Parking Service Limited Rm. E  6/F Selwyn Factory Building  404 Kwun Tong Road  Kwun Tong  Kowloon Telephone: 2117 7076 Fax: 2555 7911 Email: info@amano.com.hk,-,<a href= /en/common/pdf/global-elements/estate-locator/WoLokEstate-barrier-free-en.pdf  target= _blank >Barrier-Free Access (BFA) Facilities</a>
Choi Wan (2) Estate,Wong Tai Sin,Kowloon,22.33373,114.21733,Public Rental Housing,1978,Double H  Twin Tower,5,Fung Chak House Kai Fai House King Kung House Ming Lai House Yok Yu House,3 000 As at 30.6.2025,29.0 - 54.9,Formed,Chuk Yuen District Tenancy Management Office Unit 101-108  Yung Yuen House  Chuk Yuen (N) Estate  Wong Tai Sin Telephone: 2351 1818 Fax: 2351 9224,Easy Living Consultant Limited Flat 111-116  G/F  Ming Lai House  Choi Wan (II) Estate  Kowloon  Telephone: 2755 0328  Fax: 2755 0318,Amano Parking Service Limited  Rm. E  6/F Selwyn Factory Building  404 Kwun Tong Road  Kwun Tong  Kowloon  Telephone: 2570 5690  Fax:  2555 7911  Email: info@amano.com.hk.,-,<a href= /en/common/pdf/global-elements/estate-locator/ChoiWan2Estate-barrier-free-en.pdf  target= _blank >Barrier-Free Access (BFA) Facilities</a>
Choi Ha Estate,Kwun Tong,Kowloon,22.32603,114.21825,Tenants Purchase Scheme,1989,Trident 3  Trident 4,3,Choi Sing House Choi Yat House Choi Yuet House,300 * As at 30.6.2025,Gross Floor Areas (sqm):17.9 - 71.8; Saleable Areas (sqm):13.9 - 55.6,Not applicable (Owners' Corporation Formed),Housing Department Kowloon East (10) District Tenancy Management Office G/F  Sau Yat House  Sau Mau Ping Estate  101 Sau Mau Ping Road  Kwun Tong  Kowloon Telephone: 2349 1361 Fax: 2389 7462  Choi Ha Estate Tenants Service Management Office Easy Living Consultant Limited G/F  Ying Shun House  Choi Ying Estate   Kowloon Bay  Kowloon. Telephone: 2246 9284 Fax: 2750 1880,Appointed by Owners' Corporation,Owned and operated by private corporation,-,* Includes flats  households and authorized population under Public Rental Housing only
Sau Mau Ping (South) Estate,Kwun Tong,Kowloon,22.32161,114.22982,Public Rental Housing,2009,New Harmony,5,Sau Mei House Sau Tak House Sau Sin House Sau Ho House Sau Wong House,4 000 As at 30.6.2025,17.05 - 39.15,Formed,Housing Department Kowloon East (7) District Tenancy Management Office G/F  Sau Yat House  Sau Mau Ping Estate  Kwun Tong  Kowloon Tel : 2349 1361 Fax : 2389 7462,Kai Fu Property Services Company Limited G/F  Sau Sin House  Sau Mau Ping South Estate  Sau Mau Ping  Kowloon. Tel : 2350 0228 Fax : 2350 0166,-,-,<a href= /en/common/pdf/global-elements/estate-locator/SauMauPingSouthEstate-barrier-free-en.pdf  target= _blank >Barrier-Free Access (BFA) Facilities</a>
Ko Yee Estate,Kwun Tong,Kowloon,22.29749,114.24145,Public Rental Housing,1994,Harmony 1  Small Household Block,4,Ko Chi House Ko Shing House Ko Yuet House Ko Yuen House,1 200 As at 30.6.2025,12.5 - 49.3,Formed,Housing Department Ko Yee Estate Office G/F  Ko Yuet House  Ko Yee Estate  Kowloon Telephone: 2772 0462 Fax: 2952 9120,Housing Department Ko Yee Estate Office G/F  Ko Yuet House  Ko Yee Estate  Kowloon Telephone: 2772 0462 Fax: 2952 9120,Owned and operated by private corporation,-,<a href= /en/common/pdf/global-elements/estate-locator/KoYeeEstate-barrier-free-en.pdf  target= _blank >Barrier-Free Access (BFA) Facilities</a>
Hing Tin Estate,Kwun Tong,Kowloon,22.31285,114.23877,Tenants Purchase Scheme,1987,Trident 3,3,Choi Tin House Mei Tin House Yan Tin House,200 * As at 30.6.2025,Gross Floor Areas (sqm):45.6 - 64.3; Saleable Areas (sqm):35.2 - 49.3,Not applicable (Owners' Corporation Formed),Housing Department Kowloon East (3) District Tenancy Management Office G/F  Tak King House   Tak Tin Estate  Lam Tin  Kowloon Telephone: 2772 6840 Fax: 2347 3847  Hing Tin Estate Tenants Service Management Office  Creative Property Services Consultants Ltd.  7/F  Tak Yan House  Tak Tin Estate  Lam Tin Telephone: 2177 6363 Fax: 2177 6603,Appointed by Owners' Corporation,Owned and operated by private corporation,-,* Includes flats  households and authorized population under Public Rental Housing only
Kai Tin Estate,Kwun Tong,Kowloon,22.30959,114.23492,Public Rental Housing,1997,Harmony 1,3,Kai Shun House Kai Wong House Kai Yan House,2 300 As at 30.6.2025,12.8 - 49.0,Formed,Housing Department Kowloon East (13) District Tenancy Management Office G/F  Tak King House  Tak Tin Estate  Lam Tin  Kowloon Telephone: 2772 6840 Fax: 2347 3847,Pacific Extend Properties Management Limited G/F.  Wing C  Kai Yan House  Kai Tin Estate  Lam Tin  Kowloon Telephone: 2346 1396 Fax: 2349 7022,Owned and operated by private corporation,-,<a href= /en/common/pdf/global-elements/estate-locator/KaiTinEstate-barrier-free-en.pdf  target= _blank >Barrier-Free Access (BFA) Facilities</a>
Kai Yip Estate,Kwun Tong,Kowloon,22.32958,114.20913,Public Rental Housing,1981,Old Slab  Triple I,6,Kai Cheung House Kai Yin House Kai Lok House Kai Ning House Kai Shing House Kai Yue House,4 300 As at 30.6.2025,18.2 - 39.6,Formed,Housing Department Kai Yip Estate Office G/F  Kai Yin House  Kai Yip Estate  Kwun Tong Road  Kowloon Telephone: 2757 3710 Fax: 2757 2471,Housing Department Kai Yip Estate Office G/F  Kai Yin House  Kai Yip Estate  Kwun Tong Road  Kowloon Telephone: 2757 3710 Fax: 2757 2471,Owned and operated by private corporation,-,<a href= /en/common/pdf/global-elements/estate-locator/KaiYipEstate-barrier-free-en.pdf  target= _blank >Barrier-Free Access (BFA) Facilities</a>
Kwong Tin Estate,Kwun Tong,Kowloon,22.30332,114.23977,Public Rental Housing,1992,Harmony 1  Harmony 3,4,Kwong Ching House Kwong Hin House Kwong Ngar House Kwong Yat House,2 500 As at 30.6.2025,16.9 - 52.3,Formed,Housing Department Kowloon East (13) District Tenancy Management Office G/F  Tak King House  Tak Tin Estate  Lam Tin  Kowloon Telephone: 2772 6840 Fax: 2347 3847,Easy Living Consultant Limited G/F  Kwong Ching House  Kwong Tin Estate  Lam Tin Telephone: 2349 8000 Fax: 2347 3086,Owned and operated by private corporation,-,<a href= /en/common/pdf/global-elements/estate-locator/KwongTinEstate-barrier-free-en.pdf  target= _blank >Barrier-Free Access (BFA) Facilities</a>
Lok Wah South Estate,Kwun Tong,Kowloon,22.32008,114.22222,Public Rental Housing,1982,Old Slab  Trident 1,6,Chin Wah House Fai Wah House Hei Wah House Man Wah House On Wah House Wun Wah House,7 000 As at 30.6.2025,10.2 - 23.5,Formed,Housing Department Lok Wah (South) Estate Office G/F  Wun Wah House  Lok Wah (South) Estate  Ngau Tou Kok  Kowloon Telephone: 2755 6613 Fax: 2757 2551,Housing Department Lok Wah (South) Estate Office G/F  Wun Wah House  Lok Wah (South) Estate  Ngau Tou Kok  Kowloon Telephone: 2755 6613 Fax: 2757 2551,Owned and operated by private corporation,-,<a href= /en/common/pdf/global-elements/estate-locator/LokWahSouthEstate-barrier-free-en.pdf  target= _blank >Barrier-Free Access (BFA) Facilities</a>
Lok Wah North Estate,Kwun Tong,Kowloon,22.32222,114.22021,Public Rental Housing,1985,Double H,8,Kan Wah House Lap Wah House Ning Wah House Po Wah House Ping Wah House Shun Wah House Tat Wah House Yan Wah House,3 000 As at 30.6.2025,29.3 - 57.6,Formed,Housing Department Lok Wah (North) Estate Office G/F  Ping Wah House  Lok Wah (North) Estate  Ngau Tau Kok  Kowloon Telephone: 2755 5551 Fax: 2750 8597,Housing Department Lok Wah (North) Estate Office G/F  Ping Wah House  Lok Wah (North) Estate  Ngau Tau Kok  Kowloon Telephone: 2755 5551 Fax: 2750 8597,Owned and operated by private corporation,-,<a href= /en/common/pdf/global-elements/estate-locator/LokWahNorthEstate-barrier-free-en.pdf  target= _blank >Barrier-Free Access (BFA) Facilities</a>
On Tin Estate,Kwun Tong,Kowloon,22.30781,114.23545,Public Rental Housing,2005,NCB,2,On Kin House On Lai House,700 As at 30.6.2025,32.1 - 53.6,Formed,"Housing Department Kowloon East (1) District Tenancy Management Office G/F.  Wing B  Kai Yan House  Kai Tin Estate  Lam Tin  Kowloon Telephone: 3749 9440		 Fax: 3749 9439",Pacific Extend Properties Management Limited Podium  On Kin House  On Tin Estate  Lam Tin Telephone: 2772 3201 Fax: 2772 7991,-,-,<a href= /en/common/pdf/global-elements/estate-locator/OnTinEstate-barrier-free-en.pdf  target= _blank >Barrier-Free Access (BFA) Facilities</a>
Ping Tin Estate,Kwun Tong,Kowloon,22.30603,114.23608,Public Rental Housing,1996 / 1998,Harmony 1   Housing for Senior Citizen,8,Ancillary Facilities Block Ping Chun House Ping Mei House Ping Wong House Ping Yan House Ping Shing House Ping Shun House Ping Sin House,5 700 As at 30.6.2025,9.8 - 49.0,Formed,Housing Department Kowloon East (9) District Tenancy Management Office G/F  Tak King House  Tak Tin Estate  Lam Tin  Kowloon Telephone: 2772 6840 Fax: 2347 3847,Pacific Extend Properties Management Limited G/F  Ping Wong House  Ping Tin Estate  Lam Tin Telephone: 2348 8681 Fax: 2346 0390,Owned and operated by private corporation,-,<a href= /en/common/pdf/global-elements/estate-locator/PingTinEstate-barrier-free-en.pdf  target= _blank >Barrier-Free Access (BFA) Facilities</a>
Po Tat Estate,Kwun Tong,Kowloon,22.31712,114.23779,Public Rental Housing,2001  2003,Harmony 1  Small Household Block  New Cruciform,13,Tat Chui House Tat Fu House Tat Hong House Tat Yi House Tat Cheung House Tat Fung House Tat Yan House Tat Hei House Tat Shun House Tat Kai House Tat Hin House Tat Kwai House Tat On House,7 400 As at 30.6.2025,16.3 - 53.7,Formed,"Housing Department Kowloon East (1) District Tenancy Management Office G/F.  Wing B  Kai Yan House  Kai Tin Estate  Lam Tin  Kowloon Telephone: 3749 9440		 Fax: 3749 9439",Creative Property Services Consultants Ltd.  G/F  Tat Fu House  Po Tat Estate  Sau Mau Ping Telephone: 2243 7133 Fax: 2775 9112 Web site: www.creativepsc.com.hk,Owned and operated by private corporation,-,<a href= /en/common/pdf/global-elements/estate-locator/PoTatEstate-barrier-free-en.pdf  target= _blank >Barrier-Free Access (BFA) Facilities</a>
Sau Mau Ping Estate,Kwun Tong,Kowloon,22.31621,114.23328,Public Rental Housing,1984  1993  1996  2000  2001  2019,Harmony1 Harmony2 Harmony3 Housing for Senior Citizen Non-standard Single Aspect Building Twin Tower,19,Ancillary Facilities Block Sau Chi House Sau Ching House Sau Fai House Sau Fu House Sau Hong House Sau King House Sau Lok House Sau Ming House Sau Nga House Sau On House Sau Wah House Sau Wai House Sau Wo House Sau Yee House Sau Yin House Sau Yat House Sau Yue House Sau Yun House,12 500 As at 30.6.2025,10.6 - 52.2,Formed,Housing Department Kowloon East (10) District Tenancy Management Office G/F  Sau Yat House  Sau Mau Ping Estate  101 Sau Mau Ping Road  Kwun Tong   Kowloon Telephone: 2349 1361 Fax: 2389 7462,Creative Property Services Consultants Ltd. G/F  Sau King House  Sau Mau Ping Estate  Sau Mau Ping Telephone: 2775 0818 Fax: 2775 6232,Owned and operated by private corporation,-,<a href= /en/common/pdf/global-elements/estate-locator/SauMauPingEstate-barrier-free-en.pdf  target= _blank >Barrier-Free Access (BFA) Facilities</a>
Shun On Estate,Kwun Tong,Kowloon,22.32928,114.22636,Public Rental Housing,1978,Cruciform  Old Slab,4,On Chung House On Kwan House On Yat House On Chai House (non-residential block),3 000 As at 30.6.2025,24.4 - 46.8,Formed,Housing Department Kowloon East (3) District Tenancy Management Office G/F  On Chung House  Shun On Estate  Kwun Tong  Kowloon Telephone: 2342 8259 Fax: 2763 6041,Easy Living Consultant Limited  G/F  On Chung House  Shun On Estate  Kwun Tong  Kowloon Telephone: 2342 8259 Fax: 2632 7001,Owned and operated by private corporation,-,<a href= /en/common/pdf/global-elements/estate-locator/ShunOnEstate-barrier-free-en.pdf  target= _blank >Barrier-Free Access (BFA) Facilities</a>
Tak Tin Estate,Kwun Tong,Kowloon,22.30976,114.23962,Tenants Purchase Scheme,1991,New Slab  Non-standard  Small Household Block  Trident 3  Trident 4  Tak Yan & Tak Hong House (PRH),9,Tak Shing House Tak King House Tak Lai House Tak Lok House Tak Shui House Tak Lung House Tak Yee House Tak Hong House Tak Yan House,1 500 * As at 30.6.2025,Gross Floor Areas (sqm):15.3 - 73.3 Saleable Areas (sqm):11.8 - 55.6,Not applicable (Owners' Corporation Formed),Housing Department Kowloon East (9) District Tenancy Management Office G/F  Tak King House  Tak Tin Estate  Lam Tin  Kowloon Telephone: 2772 6840 Fax: 2347 3847  Tak Tin Estate Tenants Service Management Office Creative Property Services Consultants Ltd.  7/F  Tak Yan House  Tak Tin Estate  Lam Tin Telephone: 2177 6363 Fax: 2177 6603,Appointed by Owners' Corporation,Owned and operated by private corporation,-,* Includes flats  households and authorized population under Public Rental Housing only  <a href= /en/common/pdf/global-elements/estate-locator/TakTinEstate-barrier-free-en.pdf  target= _blank >Barrier-Free Access (BFA) Facilities</a>
Tsui Ping (North) Estate,Kwun Tong,Kowloon,22.31555,114.22915,Tenants Purchase Scheme,1982  1986  1990  1994  1998,Double H  Linear 1  Linear 3  New Slab  Old Slab  Small Household Block  Trident 2,12,Tsui Yue House Tsui Yung House Tsui Lau House Tsui Mui House Tsui On House Tsui Pak House Tsui Tsz House Tsui To House Tsui Yeung House Tsui Cheung House Tsui Mei House Tsui Nam House High  Tsui Nam House Low   Remarks: Tsui Nam House High & Low belong to same block; Tsui Mei House not for sale.,2 200 * As at 30.6.2025,Gross Floor Areas (sqm):15.8 - 87.8; Saleable Areas (sqm):11.8 - 65.1,Not applicable (Owners' Corporation Formed),Housing Department Kowloon East (12) District Tenancy Management Office Podium Level 2/F.  Tsui Pak House  Tsui Ping (North) Estate  Kwun Tong  Kowloon Telephone: 2793 2303 Fax: 2763 6540  Tsui Ping (North) Estate Tenants Service Management Office Pacific Extend Properties Management Limited Podium Level  2/F.  Tsui Pak House  Tsui Ping (North) Estate  Kwun Tong  Kowloon Telephone : 3101 8052 Fax : 3101 9827,Appointed by Owners' Corporation,Owned and operated by private corporation,-,* Includes flats  households and authorized population under Public Rental Housing only
Tsui Ping (South) Estate,Kwun Tong,Kowloon,22.312977,114.23423,Public Rental Housing,1989,Harmony 2  Linear 3  Trident 4,7,Tsui Chung House Tsui Heng House Tsui Ying House Tsui Tung House Tsui Wing House Tsui Hon House Tsui Lok House,4 900 As at 30.6.2025,10.6 - 44.5,Formed,Housing Department Kowloon East (12) District Tenancy Management Office Podium Level 2/F.  Tsui Pak House  Tsui Ping (North) Estate  Kwun Tong  Kowloon Telephone: 2793 2303 Fax: 2763 6540,Pacific Extend Properties Management Limited G/F  Wing A  Tsui Chung House  Tsui Ping (South) Estate  Kwun Tong Telephone: 2772 5077 Fax: 2349 2877,Owned and operated by private corporation,-,<a href= /en/common/pdf/global-elements/estate-locator/TsuiPingSouthEstate-barrier-free-en.pdf  target= _blank >Barrier-Free Access (BFA) Facilities</a>
Sheung Lok Estate,Kowloon City,Kowloon,22.32014,114.1813,Public Rental Housing,1998,Small Household Block,1,Sheung Lok House,400 As at 30.6.2025,17.9 - 41.8,Not Yet Formed,Oi Man Estate Office Unit 407-415  4/F  Kar Man House  Oi Man Estate  Homantin  Kowloon Tel: 2713 0121 Fax: 2768 7653,Good Excel Property Consultants Ltd. Unit 3  G/F  Sheung Lok House  Sheung Lok Estate  Ho Man Tin Telephone: 2768 7239  Fax: 2714 1790,Good Excel Property Consultants Ltd. Unit 3  G/F  Sheung Lok House  Sheung Lok Estate  Ho Man Tin Telephone: 2768 7239  Fax: 2714 1790,-,<a href= /en/common/pdf/global-elements/estate-locator/SheungLokEstate-barrier-free-en.pdf  target= _blank >Barrier-Free Access (BFA) Facilities</a>
Shek Kip Mei Estate,Sham Shui Po,Kowloon,22.33266,114.1653,Public Rental Housing,1976  2006  2012  2019,New Slab  Non Standard,21,Block 19 - Block 24  Block 42 - Block 44  (Shek Kip Mei Phase 1) Mei Yue House Mei Ying House   (Shek Kip Mei Phase 2 & 5) Mei Leong House Mei Sang House Mei Shing House Mei Wui House Mei Yick House Mei Yin House  (Shek Kip Mei Phase 3 & 7) Mei Kwai House Mei Cheong House  (Shek Kip Mei Phase 6) Mei Hei House Mei Pak House,10 800 As at 30.6.2025,14.05 - 55.7,Formed,Shek Kip Mei Estate Office Podium  Block 44  Shek Kip Mei Estate   Woh Chai Street  Sham Shui Po Telephone: 2777 0280 (24-Hr Telephone: 2784 1391) Fax: 2776 8377,(Block 19 -24  42-44 and Shek Kip Mei Phase 1) Shek Kip Mei Estate Office Podium  Block 44  Shek Kip Mei Estate   Woh Chai Street  Sham Shui Po Telephone: 2777 0280  (24-Hr Telephone: 2784 1391) Fax: 2776 8377  (Shek Kip Mei Phase 2  3  5  6 & 7) Nice Property Management Limited 2/F.  Mei Shing House  Woh Chai Street  Sham Shui Po Telephone  : 2788 3120 Fax : 2788 3161,(Block 44  Shek Kip Mei Estate) YUE XIU APT PARKING LIMITED Room 2102  21/F.  SUP Tower  75-83 King’s Road  North Point  Hong Kong Tel: 3598 9278 Fax: 2523 7892 Email: info@yuexiuproperty.com  (Carpark under Shek Kip Mei Phase 2  3  5  6 & 7) Nice Property Management Limited 2/F.  Mei Shing House  Woh Chai Street  Sham Shui Po Telephone  : 2788 3120 Fax : 2788 3161,-,<a href= /en/common/pdf/global-elements/estate-locator/ShekKipMeiEstate-barrier-free-en2.pdf  target= _blank >Barrier-Free Access (BFA) Facilities</a>
Pak Tin Estate,Sham Shui Po,Kowloon,22.33717,114.16755,Public Rental Housing,1975,Harmony 1  Harmony 3  Non-standard  New Harmony 1 Annex 5   Small Household  Non-standard Block,19,Chak Tin House Fu Tin House On Tin House Shing Tin House Tsui Tin House Yue Tin House Cheung Tin House Shui Tin House Yun Tin House Lai Tin House Wan Tin House Tai Tin House Hong Tin House Kin Tin House Wing Tin House Sum Tin House Long Tin House Ching Tin House Nga Tin House,9 300 As at 30.6.2025,12.09 - 52.28,Formed,Pak Tin Estate Office  LG1  Kin Tin House  Pak Tin Estate   Sham Shui Po  Kowloon Telephone: 2777 9883 (24-Hr Telephone: 2788 4919) Fax: 2776 8386,Pak Tin Estate Office  (Excluding Shui Tin  Cheung Tin & Shing Tin Houses) LG1  Kin Tin House  Pak Tin Estate   Sham Shui Po  Kowloon Telephone: 2777 9883 (24-Hr Telephone: 2788 4919) Fax: 2776 8386   Pioneer Management Ltd. (for Shui Tin  Cheung Tin & Shing Tin Houses only) G/F  On Tin House  Pak Tin Estate  Sham Shui Po Telephone: 2779 4153 (24-Hr Telephone 2779 5414) Fax: 2779 4500,YUE XIU APT PARKING LIMITED Room 2102  21/F.  SUP Tower  75-83 King's Road  North Point  Hong Kong Tel: 3598 9278 Fax: 2523 7892 Email: info@yuexiuproperty.com,-,<a href= /en/common/pdf/global-elements/estate-locator/PakTinEstate-barrier-free-en.pdf  target= _blank >Barrier-Free Access (BFA) Facilities</a>
Nam Shan Estate,Sham Shui Po,Kowloon,22.33446,114.17122,Public Rental Housing,1977,New Slab,8,Nam Yat House Nam Fung House Nam Lok House Nam Ming House Nam On House Nam Tai House Nam Wai House Nam Yiu House,2 900 As at 30.6.2025,23.1 - 46.5,Formed,Nam Shan Estate Office G/F  Nam On House  Nam Shan Estate  Sham Shui Po Telephone: 2777 3161 Fax: 2776 8371,Nam Shan Estate Office G/F  Nam On House  Nam Shan Estate  Sham Shui Po Telephone: 2777 3161 Fax: 2776 8371   Nam Shan Shopping Centre China Overseas Property Services Limited G20  G/F  Nam On House  Nam Shan Estate  Kowloon Telephone: 2784 6702  Fax: 2784 0634,Yue Xiu APT Parking Limited 27/F.  Seabright Plaza  9-23 Shell Street  North Point  Hong Kong Telephone: 2512 9611 Fax: 2512 9617,-,<a href= /en/common/pdf/global-elements/estate-locator/NamShanEstate-barrier-free-en.pdf  target= _blank >Barrier-Free Access (BFA) Facilities</a>
Fortune Estate,Sham Shui Po,Kowloon,22.33548,114.15388,Public Rental Housing,2000,Harmony 1  Special Harmony Block  Small Household Block,3,Fook Ming House Fook Yuet House Fook Yat House,2 100 As at 30.6.2025,16.3 - 43.7,Formed,Kowloon West & Sai Kung District Tenancy Management Office(3) G/F  Lai Mei House  Lai Kok Estate  Sham Shui Po Tel: 2361 0070  (24-Hr Telephone 2204 1027) Fax: 2148 2463,Pioneer Management Ltd. G/F  Fook Yuet House  Fortune Estate  Shamshuipo Telephone: 2204 1027  Fax: 2204 1051,Owned and operated by private corporation,-,<a href= /en/common/pdf/global-elements/estate-locator/FortuneEstate3-barrier-free-en.pdf  target= _blank >Barrier-Free Access (BFA) Facilities</a>
Choi Hung Estate,Wong Tai Sin,Kowloon,22.33394,114.20742,Public Rental Housing,1962,Old Slab,11,Chui King House Chi Mei House Hung Ngok House Kam Hon House Kam Wan House Kam Pik House Kam Wah House Luk Ching House Pik Hoi House Pak Suet House Tan Fung House,7 400 As at 30.6.2025,24.1 - 69.2,Formed,Housing Department Choi Hung Estate Office 101-119  Chui King House  Choi Hung Estate  Kowloon Telephone: 2320 3066 Fax: 2351 9340,Housing Department Choi Hung Estate Office 101-119  Chui King House  Choi Hung Estate  Kowloon Telephone: 2320 3066 Fax: 2351 9340,Amano Parking Service Limited  Rm. E  6/F Selwyn Factory Building  404 Kwun Tong Road  Kwun Tong  Kowloon  Telephone: 2570 5690  Fax:  2555 7911  Email: info@amano.com.hk.,-,<a href= /en/common/pdf/global-elements/estate-locator/ChoiHungEstate-barrier-free-en.pdf  target= _blank >Barrier-Free Access(BFA) Facilities</a>
Tsz Lok Estate,Wong Tai Sin,Kowloon,22.34891,114.19884,Public Rental Housing,1995 - 2004,Harmony 1  Harmony 3  Non-standard  Small Household Block,11,Lok Cheung House Lok Tin House Lok Hop House Lok Moon House Lok On House Lok Shing House Lok Shun House Lok Wong House Lok Yan House Lok Foon House Ancillary Facilities Block,6 200 As at 30.6.2025,10.7 - 52.2,Formed,Tsz Wan Shan District Tenancy Management Office Unit 211-224  Ban Fung House  Fung Tak Estate  Tsz Wan Shan Telephone: 2324 0096 Fax: 2752 8665,Pioneer Management Ltd G/F  Lok Cheung House  Tsz Lok Estate  Tsz Wan Shan Telephone: 2323 1787 Fax: 2351 9458,Owned and operated by private corporation,-,<a href= /en/common/pdf/global-elements/estate-locator/TszLokEstate-barrier-free-en.pdf  target= _blank >Barrier-Free Access (BFA) Facilities</a>
Ma Tau Wai Estate,Kowloon City,Kowloon,22.32392,114.1866,Public Rental Housing,1962,Old Slab,5,Geranium House Hibiscus House Magnolia House Narcissus House Rose House,2 100 As at 30.6.2025,26.9 - 53.8,Formed,Kowloon West & Sai Kung District Tenancy Management Office(4) G/F  Nga Man House  Homantin Estate  Kowloon Tel: 2242 0277 Fax: 2194 1305,Nice Property Management Limited G/F  Rose House  Ma Tai Wai Estate  Kowloon City Telephone: 2715 6683 Fax: 2768 7446,Yue Xiu APT Parking Limited 27/F.  Seabright Plaza  9-23 Shell Street  North Point  Hong Kong Telephone: 2512 9611 Fax: 2512 9617,,<a href= /en/common/pdf/global-elements/estate-locator/MaTauWaiEstate-barrier-free-en.pdf  target= _blank >Barrier-Free Access (BFA) Facilities</a>
Chak On Estate,Sham Shui Po,Kowloon,22.33966,114.16472,Public Rental Housing,1983,Old Slab  Single I,4,Fu Chak House Lai Chak House Wing Chak House Wah Chak House,1 900 As at 30.6.2025,11.3 - 39.1,Formed,Chak On Estate Office 17A-24  G/F  Wah Chak House  Chak On Estate  Sham Shui Po Telephone: 2778 2628  (24-Hr Telephone: 2994 1873) Fax: 2778 0709,Chak On Estate Office 17A-24  G/F  Wah Chak House  Chak On Estate  Sham Shui Po Telephone: 2778 2628  (24-Hr Telephone: 2994 1873) Fax: 2778 0709,Yue Xiu APT Parking Limited Room 2102  21/F.  SUP Tower  75-83 King's Road  North Point  Hong Kong Tel: 3598 9278 Fax: 2523 7892 Email: info@yuexiuproperty.com,-,<a href= /en/common/pdf/global-elements/estate-locator/ChakOnEstate-barrier-free-en.pdf  target= _blank >Barrier-Free Access (BFA) Facilities</a>
Lei Yue Mun Estate,Kwun Tong,Kowloon,22.29491,114.23978,Public Rental Housing,2002  2007  2016,Harmony 1  Non-standard,5,Lei Sang House Lei Ye House Lei Hing House Lei Lung House Lei Wong House,3 600 As at 30.6.2025,14.2 - 43.3,Formed,Housing Department Lei Yue Mun Estate Office G/F  Lei Ye House  Lei Yue Mun Esate  Kowloon Telephone: 2246 5500 Fax: 2246 5510,Housing Department Lei Yue Mun Estate Office G/F  Lei Ye House  Lei Yue Mun Esate  Kowloon Telephone: 2246 5500 Fax: 2246 5510,Amano Parking Service Limited Rm. E  6/F Selwyn Factory Building  404 Kwun Tong Road  Kwun Tong  Kowloon Telephone: 2117 7076 Fax: 2555 7911 Email: info@amano.com.hk,,<a href= /en/common/pdf/global-elements/estate-locator/LeiYueMunEstate-barrier-free-en.pdf  target= _blank >Barrier-Free Access (BFA) Facilities</a>.
Shun Lee Estate,Kwun Tong,Kowloon,22.33163,114.22553,Public Rental Housing,1978,Old Slab  Twin Tower,7,Lee Yat House Lee Cheung House Lee Foo House Lee Hong House Lee Ming House Lee Hang House Lee Yip House,4 500 As at 30.6.2025,27.8 - 39.9,Formed,Housing Department Kowloon East (5) District Tenancy Management G/F  Lee Foo House  Shun Lee Estate  Kwun Tong  Kowloon Telephone: 2341 8286 Fax: 2763 6066,Easy Living Consultant Limited G/F  Lee Foo House  Shun Lee Estate  Kwun Tong  Kowloon Telephone: 2341 8286 Fax: 2169 0811,Owned and operated by private corporation,-,<a href= /en/common/pdf/global-elements/estate-locator/ShunLeeEstate-barrier-free-en.pdf  target= _blank >Barrier-Free Access (BFA) Facilities</a>
So Uk Estate,Sham Shui Po,Kowloon,22.34159,114.15684,Public Rental Housing,2016 (Phase 1) 2019 (Phase 2),Non-standard,14,Orchid House Marigold House Peony House Cedar House Willow House Cherry House Camellia House Lotus House Lily House Larkspur House Gladiolus House Carnation House Azalea House Begonia House,7 000 As at 30.6.2025,14.05-37.04,Formed,Kowloon West & Sai Kung District Tenancy Management Office(11) G/F  Estate Management Office Building  So Uk Estate  Shamshuipo  Kowloon Tel: 2385 2002 Fax: 2385 2018,China Overseas Property Services Limited G/F  Estate Management Office Building  So Uk Estate  Shamshuipo  Kowloon Tel: 3709 7507 Fax: 3907 0447,YUE XIU APT PARKING LIMITED 27/F.  Seabright Plaza  9-23 Shell Street  North Point  Hong Kong Tel: 5281 3274 Fax: 2741 6968,,<a href= /en/common/pdf/global-elements/estate-locator/SoUkEstate1-barrier-free-en.pdf  target= _blank >Barrier-Free Access (BFA) Facilities</a>
Cheung Sha Wan Estate,Sham Shui Po,Kowloon,22.3346,114.15634,Public Rental Housing,2013,Non-Standard Design (NSD),2,Cheung Yan House Cheung Tai House,1 400 As at 30.6.2025,14.05 -39.72,Formed,Kowloon West & Sai Kung District Tenancy Management Office(3) G/F.  Lai Mei House  Lai Kok Estate  Sham Shui Po  Kowloon Tel: 2361 0070  (24-Hr Telephone 2327 2775)  Fax: 2148 2463,Good Excel Property Consultants Ltd. 1/F.  Cheung Tai House  Cheung Sha Wan Estate  Shum Shui Po  Kowloon Tel.: 2327 2775 Fax: 2327 2119,Good Excel Property Consultants Ltd. 1/F.  Cheung Tai House  Cheung Sha Wan Estate  Shum Shui Po  Kowloon Tel.: 2327 2775 Fax: 2327 2119,-,<a href= /en/common/pdf/global-elements/estate-locator/CheungShaWanEstate-barrier-free-en.pdf  target= _blank >Barrier-Free Access (BFA) Facilities</a>
Tung Wui Estate,Wong Tai Sin,Kowloon,22.332422,114.19376,Public Rental Housing,2012  2020,Non-Standard Block,3,Wui Yan House Wui Sum House Wui Chi House,2 400 As at 30.6.2025,14.03 - 39.66,Formed,Wong Tai Sin District Tenancy Management Office (4) Podium  Temple Mall North  136 Lung Cheung Road  Wong Tai Sin Telephone: 3572 0040 Fax: 3572 0044,Pioneer Management Limited 1/F Wui Yan House  Tung Wui Estate Telephone: 2590 0880 Fax: 2590 0339,Pioneer Management Limited,-,<a href= /en/common/pdf/global-elements/estate-locator/TungWuiEstate-barrier-free-en.pdf  target= _blank >Barrier-Free Access (BFA) Facilities</a>
On Tat Estate,Kwun Tong,Kowloon,22.32121,114.23523,Public Rental Housing,2016,Non-standard,11,Yan Tat House Sin Tat House Lai Tat House Chi Tat House Oi Tat House Shing Tat House Chun Tat House Yin Tat House Hau Tat House Him Tat House Ching Tat House,9 400 As at 30.6.2025,14.05 – 37.68,Formed,Kowloon East (13) District Tenancy Management Office 1/F  Chun Tat House  On Tat Estate  Kwun Tong Telephone: 2177 0162 Fax: 2177 1132,China Overseas Property Services Limited G/F  Chun Tat House  On Tat Estate  Kwun Tong Telephone: 2319 0821 Fax: 2319 1292 Email: ontatestate@cohl.com,Amano Parking Service Limited Rm. E  6/F Selwyn Factory Building  404 Kwun Tong Road  Kwun Tong  Kowloon Telephone: 2117 7076 Fax: 2555 7911 Email: info@amano.com.hk,-,<a href= /en/common/pdf/global-elements/estate-locator/OnTatEstate-barrier-free-en.pdf  target= _blank >Barrier-Free Access (BFA) Facilities</a>
On Tai Estate,Kwun Tong,Kowloon,22.327152,114.22902,Public Rental Housing,2017,Non-standard,11,Ming Tai House Chi Tai House Yung Tai House Kam Tai House Kui Tai House Wo Tai House King Tai House Hang Tai House Tak Tai House Fung Tai House Shing Tai House,8 600 As at 30.6.2025,14.05 - 37.99,Not Yet Formed,Housing Department On Tai Estate Office UG/F  Tak Tai House   On Tai Estate  Kwun Tong  Kowloon Telephone: 2981 0029 Fax: 2191 3656,Housing Department On Tai Estate Office UG/F  Tak Tai House   On Tai Estate  Kwun Tong  Kowloon Telephone: 2981 0029 Fax: 2191 3656,Creative Property Services Consultants Limited UG/F  Shing Tai House   On Tai Estate  Kwun Tong  Kowloon Telephone: 2652 1852 Fax: 2652 1768,,<a href= /en/common/pdf/global-elements/estate-locator/OnTaiEstate-barrier-free-en.pdf  target= _blank >Barrier-Free Access (BFA) Facilities</a>
Hoi Ying Estate,Sham Shui Po,Kowloon,22.32841,114.1484,Public Rental Housing,2018,Non-standard,2,Ying Fai House Ying Cheong House,1 300 As at 30.6.2025,14.08 – 37.43,Not Yet Formed,Kowloon West and Sai Kung District Tenancy Management Office (2) G/F  Lai Mei House  Lai Kok Estate   Sham Shui Po Tel: 2361 0070 Fax: 2148 2463,Wellpoint Property Management Services Ltd. G/F  Ying Fai House  Hoi Ying Estate Tel: 2566 9831 Fax: 2566 8121,Yue Xiu APT Parking Limited G/F  Ying Fai House  Hoi Ying Estate Tel: 2487 9210 Fax: 2487 9210,,<a href= /en/common/pdf/global-elements/estate-locator/HoiYingEstate-barrier-free-en.pdf  target= _blank >Barrier-Free Access (BFA) Facilities</a>
Kai Chuen Court,Wong Tai Sin,Kowloon,22.3396,114.1999,Public Rental Housing,,Non-standard type,2,Kai Wang House Kai Chun House,1 000 As at 30.6.2025,14.05-37.51,Not Yet Formed,Tsz Wan Shan District Tenancy Management Office Unit 211-224  Ban Fung House  Fung Tak Estate  Diamond Hill Telephone: 2324 0096 Fax: 2752 8665,Modern Living Property Management Ltd.  3/F  Kai Wang House  Kai Chuen Court  Diamond Hill  Kowloon Telephone:  2701 1811 Fax:  2701 1232,Pacific Extend Properties Management Limited 3/F  Kai Wang House  Kai Chuen Court  Diamond Hill  Kowloon Telephone: 3526 8900 Fax: 3526 8903,,<a href= /en/common/pdf/global-elements/estate-locator/KaiChuenCourt-barrier-free-en.pdf  target= _blank >Barrier-Free Access (BFA) Facilities</a>
Lai Tsui Court,Sham Shui Po,Kowloon,22.334057,114.15447,Public Rental Housing,2019,Non-standard,2,Lai Pak House Lai Yeung House,1 300 As at 30.6.2025,14.25 - 35.84,Not Yet Formed,Kowloon West and Sai Kung District Tenancy Management Office (3) 1/F  Lai Kwai House  Lai Kok Estate   Sham Shui Po Telephone: 2361 0217 Fax: 2748 7093,Wellpoint Property Management Services Ltd. 1/F  Lai Tsui Shopping Centre  Lai Tsui Court Tel: 2305 0238 Fax: 2305 0281,Yue Xiu APT Parking Limited 27/F  Seabright Plaza  9-23 Shell St  North Point Telephone: 2512 9611 Fax: 2512 9617,,<a href= /en/common/pdf/global-elements/estate-locator/LaiTsuiCourt-barrier-free-en.pdf  target= _blank >Barrier-Free Access (BFA) Facilities</a>
Hoi Tat Estate,Sham Shui Po,Kowloon,22.33005,114.14964,Public Rental Housing,2020 (Phase 1b)  2021(Phase 2)  2022 (Phase 3),Non-standard,4,Hoi Wing House Hoi Wah House Hoi Cheong House Hoi Shing House,3 300 As at 30.6.2025,14.05 - 36.37,Not Yet Formed,District Tenancy Management Office of Kowloon West and Sai Kung 2  G/F  Lai Ping House  Lai On Estate  Sham Shui Po  Kowloon   Tel: 2725 5750 Fax: 2708 3870,China Overseas Property Services Limited G/F  Estate Management Office  Hoi Wing House   Hoi Tat Estate  Shamshuipo  Kowloon Tel: 2776 8366 Fax: 2776 8023,Yue Xiu APT Parking Limited 27/F  Seabright Plaza  No.9-23 Shell Street  North Point  Hong Kong Telephone: 5281 3274 Fax: 2741 6968,,<a href= /en/common/pdf/global-elements/estate-locator/HoiTatEstate-barrier-free-en.pdf  target= _blank >Barrier-Free Access (BFA) Facilities</a>
