School_Code,Name_of_School,學校名稱,學校地址_School_Address_電話號碼_Telephone_No_,學校類別_School_Type,資助類別_Finance_Type,宗教_Religion,中一自行分配學位數目_No__of_S1_DP,估算区内学额,地区,latitude,longitude
183,CCC MING KEI COLLEGE,中華基督教會銘基書院,"九龍大角咀橡樹街１６號
16 OAK STREET, TAI KOK TSUI, KLN
2392 3963","男女
CO-EDUCATIONAL","資助
AIDED",基督教 PROTESTANTISM / CHRISTIANITY,40,93,九龍,22.31896613,114.1641305
181,ELCHK LUTHERAN SECONDARY SCHOOL,基督教香港信義會信義中學,"九龍窩打老道５２號 52 WATERLOO ROAD, KLN
2780 2291","男女
CO-EDUCATIONAL","資助
AIDED",基督教 PROTESTANTISM / CHRISTIANITY,40,93,九龍,22.31316892,114.1720992
177,HK & KLN CHIU CHOW PUBLIC ASSOCIATION SECONDARY SCHOOL,港九潮州公會中學,"九龍旺角洗衣街１５０號
150 SAI YEE STREET, MONGKOK, KLN
2396 4187","男女
CO-EDUCATIONAL","資助
AIDED","--
--",40,93,九龍,22.32202791,114.1713516
179,LAI CHACK MIDDLE SCHOOL,麗澤中學,"九龍尖沙咀廣東道１８０號 180 CANTON ROAD, TSIMSHATSUI, KLN
2721 3086","男女
CO-EDUCATIONAL","資助
AIDED",基督教 PROTESTANTISM / CHRISTIANITY,30,70,九龍,22.30150122,114.1683051
180,LKWFSL LAU WONG FAT SECONDARY SCHOOL,世界龍岡學校劉皇發中學,"九龍大角咀詩歌舞街６６號 66 SYCAMORE STREET, TAI KOK TSUI, KLN
2394 4186","男女
CO-EDUCATIONAL","資助
AIDED","--
--",40,93,九龍,22.32572089,114.1626642
182,METHODIST COLLEGE,循道中學,"九龍油麻地加士居道５０號
50 GASCOIGNE ROAD, YAUMATEI, KLN
2384 3543","男女
CO-EDUCATIONAL","資助
AIDED",基督教 PROTESTANTISM / CHRISTIANITY,40,93,九龍,22.30910514,114.1719441
184,NEWMAN CATHOLIC COLLEGE,天主教新民書院,"九龍油麻地石壁道２號 2 CLIFF ROAD, YAUMATEI, KLN
2385 7812","男女
CO-EDUCATIONAL","資助
AIDED","天主教
CATHOLICISM",40,93,九龍,22.31069453,114.1719052
185,QUEEN ELIZABETH SCHOOL,伊利沙伯中學,"九龍旺角洗衣街１５２號 152 SAI YEE STREET, MONGKOK, KLN
2380 9621","男女
CO-EDUCATIONAL","官立
GOVERNMENT","--
--",43,100,九龍,22.32393336,114.1712933
515,SIR ELLIS KADOORIE SECONDARY SCHOOL (WEST KLN),官立嘉道理爵士中學(西九龍),"西九龍大角咀海帆道２２號
22 HOI FAN ROAD, TAI KOK TSUI, WEST KOWLOON
2576 1871","男女
CO-EDUCATIONAL","官立
GOVERNMENT","--
--",31,72,九龍,22.32254134,114.1554819
186,SKH ALL SAINTS' MIDDLE SCHOOL,聖公會諸聖中學,"九龍旺角白布街１１號 11 PAK PO STREET, MONGKOK, KLN
2780 0147","男女
CO-EDUCATIONAL","按位津貼
CAPUT",基督教 PROTESTANTISM / CHRISTIANITY,30,70,九龍,22.31724174,114.1730697
187,ST FRANCIS XAVIER'S COLLEGE,聖芳濟書院,"九龍大角咀詩歌舞街４５號 45 SYCAMORE STREET, TAI KOK TSUI, KLN
2393 2271","男
BOYS","資助
AIDED","天主教
CATHOLICISM",40,93,九龍,22.32543197,114.1632854
189,ST MARY'S CANOSSIAN COLLEGE,嘉諾撒聖瑪利書院,"九龍柯士甸道１６２號
162  AUSTIN ROAD, KLN 2724 2771","女
GIRLS","資助
AIDED","天主教
CATHOLICISM",17,40,九龍,22.30309083,114.1761562
190,TRUE LIGHT GIRLS' COLLEGE,真光女書院,"九龍窩打老道５４號Ａ
54A WATERLOO ROAD, KLN
2385 1491","女
GIRLS","資助
AIDED",基督教 PROTESTANTISM / CHRISTIANITY,40,93,九龍,22.31372884,114.172963
191,"WAH YAN COLLEGE, KOWLOON",華仁書院(九龍),"九龍窩打老道５６號
56 WATERLOO ROAD, KLN
2384 1038","男
BOYS","資助
AIDED","天主教
CATHOLICISM",50,117,九龍,22.31464996,114.173225
192,BUDDHIST TAI HUNG COLLEGE,佛教大雄中學,"九龍深水埗蘇屋長發街３８號 38 CHEUNG FAT STREET, SO UK, SHAMSHUIPO, KLN
2386 2988","男女
CO-EDUCATIONAL","資助
AIDED","佛教
BUDDHISM",40,93,九龍,22.34010615,114.1581876
204,CCC MING YIN COLLEGE,中華基督教會銘賢書院,"九龍石硤尾偉智街１號 1 WAI CHI STREET, SHEK KIP MEI, KLN
2778 4512","男女
CO-EDUCATIONAL","資助
AIDED",基督教 PROTESTANTISM / CHRISTIANITY,41,96,九龍,22.33184404,114.168575
194,CHEUNG SHA WAN CATHOLIC SECONDARY SCHOOL,長沙灣天主教英文中學,"九龍長沙灣福榮街５３３號 533 FUK WING STREET, CHEUNG SHA WAN, KLN
2741 5034","男
BOYS","資助
AIDED","天主教
CATHOLICISM",43,100,九龍,22.33857041,114.1539069
196,CMA SECONDARY SCHOOL,廠商會中學,"九龍白田南昌街２９８號 298 NAM CHEONG STREET, PAK TIN, KLN
2779 6851","男女
CO-EDUCATIONAL","資助
AIDED","--
--",40,93,九龍,22.33846349,114.1695065
197,CONCORDIA LUTHERAN SCHOOL,路德會協同中學,"九龍大坑東道１２號
12 TAI HANG TUNG ROAD, KLN
2380 8837","男女
CO-EDUCATIONAL","資助
AIDED",基督教 PROTESTANTISM / CHRISTIANITY,40,93,九龍,22.33063408,114.1722054
200,HKSYC&IA WONG TAI SHAN MEMORIAL COLLEGE,香港四邑商工總會黃棣珊紀念中學,"九龍深水埗石硤尾南昌街２５０號 250 NAM CHEONG STREET, SHEK KIP MEI,
SHAMSHUIPO, KLN
2778 8982","男女
CO-EDUCATIONAL","資助
AIDED","--
--",40,93,九龍,22.33466158,114.1685554
201,HOLY TRINITY COLLEGE,寶血會上智英文書院,"九龍石硤尾偉智街３號 3 WAI CHI STREET, SHEK KIP MEI, KLN
2779 3220","女
GIRLS","資助
AIDED","天主教
CATHOLICISM",51,119,九龍,22.33237684,114.1684585
202,KOWLOON TECHNICAL SCHOOL,九龍工業學校,"九龍深水埗長沙灣道３３２－３３４號
332-334
CHEUNG SHA WAN ROAD, SHAMSHUIPO, KLN
2386 0737","男女
CO-EDUCATIONAL","官立
GOVERNMENT","--
--",40,93,九龍,22.33354103,114.1590912
203,MARYKNOLL FATHERS' SCHOOL,瑪利諾神父教會學校,"九龍大坑東桃源街２號 2 TO YUEN STREET, TAI HANG TUNG, KLN
2777 5117","男女
CO-EDUCATIONAL","資助
AIDED","天主教
CATHOLICISM",40,93,九龍,22.33393027,114.1733896
205,NAM WAH CATHOLIC SECONDARY SCHOOL,天主教南華中學,"九龍深水埗永明街５號 5 WING MING STREET, SHAMSHUIPO, KLN
2741 1174","男女
CO-EDUCATIONAL","資助
AIDED","天主教
CATHOLICISM",30,70,九龍,22.34063801,114.151237
206,OUR LADY OF THE ROSARY COLLEGE,聖母玫瑰書院,"九龍又一村玫瑰街２２號
22 ROSE STREET,
YAU YAT CHUEN, KLN 2380 6468","女
GIRLS","資助
AIDED","天主教
CATHOLICISM",40,93,九龍,22.33295496,114.1727004
560,PO LEUNG KUK TONG NAI KAN JUNIOR SECONDARY COLLEGE,保良局唐乃勤初中書院,"九龍深水埗美荔道１１號 11 MEI LAI ROAD, SHAMSHUIPO, KLN
2194 5707","男女
CO-EDUCATIONAL","資助
AIDED","--
--",59,138,九龍,22.33908277,114.1408311
129,SKH ST MARY'S CHURCH MOK HING YIU COLLEGE,聖公會聖馬利亞堂莫慶堯中學,"九龍深水埗海麗街１號 1 HOI LAI STREET, SHAMSHUIPO, KLN
2577 9559","男女
CO-EDUCATIONAL","資助
AIDED",基督教 PROTESTANTISM / CHRISTIANITY,40,93,九龍,22.33134498,114.1478608
210,TACK CHING GIRLS' SECONDARY SCHOOL,德貞女子中學,"九龍深水埗興華街西９號
9 HING WAH STREET WEST, SHAMSHUIPO, KLN
2729 3211","女
GIRLS","資助
AIDED","天主教
CATHOLICISM",51,119,九龍,22.33204964,114.1494331
211,TAK NGA SECONDARY SCHOOL,德雅中學,"九龍深水埗又一村達之路１８號
18 TAT CHEE AVENUE, YAU YAT CHUEN, SHAMSHUIPO, KLN
2381 4483, 2380 3788","女
GIRLS","資助
AIDED","天主教
CATHOLICISM",40,93,九龍,22.33021873,114.1751854
209,TWGHS CHANG MING THIEN COLLEGE,東華三院張明添中學,"九龍深水埗南昌街３００號 300 NAM CHEONG STREET, SHAMSHUIPO, KLN
2779 2986","男女
CO-EDUCATIONAL","資助
AIDED","--
--",40,93,九龍,22.33865311,114.168992
213,UNITED CHRISTIAN COLLEGE,滙基書院,"九龍深水埗大坑東棠蔭街９及１１號
9 & 11 TONG YAM STREET, TAI HANG TUNG, SHAMSHUIPO, KLN
2777 8344","男女
CO-EDUCATIONAL","按位津貼
CAPUT",基督教 PROTESTANTISM / CHRISTIANITY,41,96,九龍,22.32957746,114.1706912
245,BISHOP HALL JUBILEE SCHOOL,何明華會督銀禧中學,"九龍九龍塘牛津道２號Ｃ 2C OXFORD ROAD, KOWLOON TONG, KLN
2336 3034","男女
CO-EDUCATIONAL","資助
AIDED",基督教 PROTESTANTISM / CHRISTIANITY,50,117,九龍,22.32975812,114.1811938
217,CARMEL SECONDARY SCHOOL,迦密中學,"九龍何文田忠孝街５５號
55 CHUNG HAU STREET, HOMANTIN, KLN
2714 9385","男女
CO-EDUCATIONAL","資助
AIDED",基督教 PROTESTANTISM / CHRISTIANITY,40,93,九龍,22.31016177,114.1796695
568,CCC KEI TO SECONDARY SCHOOL,中華基督教會基道中學,"九龍土瓜灣崇安街２８號
28 SUNG ON STREET, TOKWAWAN, KLN
2627 1028","男女
CO-EDUCATIONAL","資助
AIDED",基督教 PROTESTANTISM / CHRISTIANITY,40,93,九龍,22.31361092,114.1903942
218,CHAN SUI KI (LA SALLE) COLLEGE,陳瑞祺(喇沙)書院,"九龍何文田常和街４號
4 SHEUNG WO STREET, HOMANTIN, KLN
2711 8175","男
BOYS","資助
AIDED","天主教
CATHOLICISM",41,96,九龍,22.31946318,114.1834162
253,COGNITIO COLLEGE (KOWLOON),文理書院(九龍),"九龍九龍城沐虹街６號
6 MUK HUNG STREET, KOWLOON CITY, KLN
2323 1741","男女
CO-EDUCATIONAL","資助
AIDED","--
--",40,93,九龍,22.33351263,114.2040053
221,HOI PING CHAMBER OF COMMERCE SECONDARY SCHOOL,旅港開平商會中學,"九龍何文田石鼓街２２號
22 SHEK KU STREET, HOMANTIN, KLN
2712 3107","男女
CO-EDUCATIONAL","資助
AIDED","--
--",50,117,九龍,22.31958067,114.1806112
223,HOLY FAMILY CANOSSIAN COLLEGE,嘉諾撒聖家書院,"九龍九龍城延文禮士道３３號 33 INVERNESS ROAD, KOWLOON CITY, KLN
2337 9123","女
GIRLS","資助
AIDED","天主教
CATHOLICISM",43,100,九龍,22.33430937,114.1854068
224,HOMANTIN GOVERNMENT SECONDARY SCHOOL,何文田官立中學,"九龍何文田巴富街８號
8 PERTH STREET, HOMANTIN, KLN
2711 2680","男女
CO-EDUCATIONAL","官立
GOVERNMENT","--
--",43,100,九龍,22.32106169,114.1803297
225,JOCKEY CLUB GOVERNMENT SECONDARY SCHOOL,賽馬會官立中學,"九龍九龍塘牛津道２號Ｂ 2B OXFORD ROAD, KOWLOON TONG, KLN
2336 6761","男女
CO-EDUCATIONAL","官立
GOVERNMENT","--
--",30,70,九龍,22.32931563,114.1811744
226,KOWLOON TONG SCHOOL (SECONDARY SECTION),九龍塘學校(中學部),"九龍九龍塘舒梨道１０號 10 SURREY LANE, KOWLOON TONG, KLN
2337 0680","男女
CO-EDUCATIONAL","資助
AIDED","--
--",40,93,九龍,22.32872869,114.1758455
227,KOWLOON TRUE LIGHT SCHOOL,九龍真光中學,"九龍沙福道真光里１號 1 TRUE LIGHT LANE, SUFFOLK ROAD, KLN
3655 0000","女
GIRLS","資助
AIDED",基督教 PROTESTANTISM / CHRISTIANITY,40,93,九龍,22.33836432,114.1755639
228,LA SALLE COLLEGE,喇沙書院,"九龍九龍城喇沙利道１８號 18 LA SALLE ROAD, KOWLOON CITY, KLN
2338 7171","男
BOYS","資助
AIDED","天主教
CATHOLICISM",76,177,九龍,22.32900855,114.1823198
229,MARYKNOLL CONVENT SCHOOL (SECONDARY SECTION),瑪利諾修院學校(中學部),"九龍九龍塘何東道５號 5 HO TUNG ROAD, KOWLOON TONG, KLN
2336 2378","女
GIRLS","資助
AIDED","天主教
CATHOLICISM",54,126,九龍,22.32819586,114.1802717
230,MUNSANG COLLEGE,民生書院,"九龍九龍城東寶庭道８號 8 DUMBARTON ROAD, KOWLOON CITY, KLN
3655 3328","男女
CO-EDUCATIONAL","資助
AIDED",基督教 PROTESTANTISM / CHRISTIANITY,54,126,九龍,22.33228647,114.1862221
231,NEW ASIA MIDDLE SCHOOL,新亞中學,"九龍土瓜灣農圃道６號
6 FARM ROAD, TOKWAWAN, KLN
2711 2206","男女
CO-EDUCATIONAL","資助
AIDED","--
--",40,93,九龍,22.32084472,114.1861922
233,NOTRE DAME COLLEGE,獻主會聖母院書院,"九龍馬頭圍盛德街５１號 51 SHING TAK STREET, MA TAU WAI, KLN
2711 5291","男女
CO-EDUCATIONAL","資助
AIDED","天主教
CATHOLICISM",30,70,九龍,22.32452911,114.1876969
234,PENTECOSTAL SCHOOL,五旬節中學,"九龍何文田巴富街１４號
14 PERTH STREET, HOMANTIN, KLN
2713 2772","男女
CO-EDUCATIONAL","資助
AIDED",基督教 PROTESTANTISM / CHRISTIANITY,40,93,九龍,22.32126034,114.1812906
235,POOI TO MIDDLE SCHOOL,香港培道中學,"九龍九龍城延文禮士道２號 2 INVERNESS ROAD, KOWLOON CITY, KLN
2336 1706","女
GIRLS","資助
AIDED",基督教 PROTESTANTISM / CHRISTIANITY,40,93,九龍,22.33030881,114.1856978
237,RHENISH CHURCH PANG HOK- KO MEMORIAL COLLEGE,禮賢會彭學高紀念中學,"九龍九龍塘禧福道３０號 30 HEREFORD ROAD, KOWLOON TONG, KLN
2337 0283","男女
CO-EDUCATIONAL","資助
AIDED",基督教 PROTESTANTISM / CHRISTIANITY,40,93,九龍,22.33438172,114.183116
222,SKH HOLY CARPENTER SECONDARY SCHOOL,聖公會聖匠中學,"九龍紅磡大環道１０號 10 TAI WAN ROAD, HUNG HOM, KLN
2364 2730","男女
CO-EDUCATIONAL","資助
AIDED",基督教 PROTESTANTISM / CHRISTIANITY,30,70,九龍,22.30775927,114.1880353
238,SKH HOLY TRINITY CHURCH SECONDARY SCHOOL,聖公會聖三一堂中學,"九龍何文田孝民街２號 2 HAU MAN STREET, HOMANTIN, KLN
2714 4137","男女
CO-EDUCATIONAL","資助
AIDED",基督教 PROTESTANTISM / CHRISTIANITY,40,93,九龍,22.31064039,114.1798733
239,SKH TSOI KUNG PO SECONDARY SCHOOL,聖公會蔡功譜中學,"九龍何文田忠孝街１０１號
101 CHUNG HAU STREET, HOMANTIN, KLN
2760 0463","男女
CO-EDUCATIONAL","資助
AIDED",基督教 PROTESTANTISM / CHRISTIANITY,40,93,九龍,22.31504731,114.1803296
241,ST. TERESA SECONDARY SCHOOL,德蘭中學,"九龍何文田常盛街２１號
21 SHEUNG SHING STREET, HOMANTIN, KLN
2711 5202","女
GIRLS","資助
AIDED","天主教
CATHOLICISM",40,93,九龍,22.31884919,114.1805917
242,STFA SEAWARD WOO COLLEGE,順德聯誼總會胡兆熾中學,"九龍何文田巴富街２２號
22 PERTH STREET, HOMANTIN, KLN
2762 1183","男女
CO-EDUCATIONAL","資助
AIDED","--
--",40,93,九龍,22.32250653,114.1824166
244,TANG KING PO SCHOOL,鄧鏡波學校,"九龍天光道１６號
16 TIN KWONG ROAD, KLN
2712 5171","男
BOYS","資助
AIDED","天主教
CATHOLICISM",50,117,九龍,22.32041133,114.1846974
246,THE YWCA HIOE TJO YOENG COLLEGE,基督教女青年會丘佐榮中學,"九龍何文田常和街６號
6 SHEUNG WO STREET, HOMANTIN, KLN
2711 7159","男女
CO-EDUCATIONAL","資助
AIDED",基督教 PROTESTANTISM / CHRISTIANITY,41,96,九龍,22.31970702,114.1831056
243,TWGHS WONG FUT NAM COLLEGE,東華三院黃笏南中學,"九龍九龍塘牛津道１號Ｃ
1C OXFORD ROAD, KOWLOON TONG, KLN
2336 9151","男女
CO-EDUCATIONAL","資助
AIDED","--
--",50,117,九龍,22.32918019,114.1800484
247,WA YING COLLEGE,華英中學,"九龍何文田常和街８號 8 SHEUNG WO STREET, HOMANTIN, KLN
2760 7772","男女
CO-EDUCATIONAL","資助
AIDED",基督教 PROTESTANTISM / CHRISTIANITY,41,96,九龍,22.31946321,114.18263
249,YU CHUN KEUNG MEMORIAL COLLEGE,余振強紀念中學,"九龍何文田窩打老道山文福道２７號
27 MAN FUK ROAD,
WATERLOO HILL, HOMANTIN, KLN 2714 4161","男女
CO-EDUCATIONAL","資助
AIDED","天主教
CATHOLICISM",30,70,九龍,22.31863249,114.1786117
250,BUDDHIST HUNG SEAN CHAU MEMORIAL COLLEGE,佛教孔仙洲紀念中學,"九龍斧山平定道１０號 10 PING TING ROAD, HAMMER HILL, KLN
2322 6915","男女
CO-EDUCATIONAL","資助
AIDED","佛教
BUDDHISM",40,93,九龍,22.33844258,114.2081221
255,CCC HEEP WOH COLLEGE,中華基督教會協和書院,"九龍慈雲山蒲崗村道１７１號 171 PO KONG VILLAGE ROAD, TSZ WAN SHAN, KLN
2323 4265","男女
CO-EDUCATIONAL","資助
AIDED",基督教 PROTESTANTISM / CHRISTIANITY,40,93,九龍,22.3467694,114.2046194
257,CCC KEI HEEP SECONDARY SCHOOL,中華基督教會基協中學,"九龍黃大仙東頭村道１６１號 161 TUNG TAU TSUEN ROAD, WONG TAI SIN, KLN
2320 4557","男女
CO-EDUCATIONAL","資助
AIDED",基督教 PROTESTANTISM / CHRISTIANITY,30,70,九龍,22.33861633,114.1934544
251,CCC ROTARY SECONDARY SCHOOL,中華基督教會扶輪中學,"九龍黃大仙龍翔道１５７號 157 LUNG CHEUNG ROAD, WONG TAI SIN, KLN
2338 1971","男女
CO-EDUCATIONAL","資助
AIDED",基督教 PROTESTANTISM / CHRISTIANITY,30,70,九龍,22.34166005,114.1886205
571,CHI LIN BUDDHIST SECONDARY SCHOOL,佛教志蓮中學,"九龍鑽石山志蓮道９號 9 CHI LIN DRIVE, DIAMOND HILL, KLN
2321 8511","男女
CO-EDUCATIONAL","資助
AIDED","佛教
BUDDHISM",51,119,九龍,22.34028514,114.206414
252,CHOI HUNG ESTATE CATHOLIC SECONDARY SCHOOL,彩虹邨天主教英文中學,"九龍黃大仙彩虹邨紫葳路１號
1 TSE WAI AVENUE, CHOI HUNG ESTATE, WONG TAI SIN, KLN
2320 3594","男
BOYS","資助
AIDED","天主教
CATHOLICISM",40,93,九龍,22.33537239,114.207044
256,HO LAP COLLEGE (SPSD BY THE SIK SIK YUEN),可立中學(嗇色園主辦),"九龍新蒲崗爵祿街１５號 15 TSEUK LUK STREET, SAN PO KONG, KLN
2322 2229","男女
CO-EDUCATIONAL","資助
AIDED","儒釋道三教 CONFUCIANISM, BUDDHISM & TAOISM",40,93,九龍,22.33669258,114.1955995
258,KIT SAM LAM BING YIM SECONDARY SCHOOL,潔心林炳炎中學,"九龍橫頭磡富美街９號 9 FU MEI STREET, WANG TAU HOM, KLN
2337 9594","女
GIRLS","資助
AIDED","天主教
CATHOLICISM",40,93,九龍,22.34118165,114.1852228
259,LEE KAU YAN MEMORIAL SCHOOL,李求恩紀念中學,"九龍新蒲崗太子道東５９６號 596 PRINCE EDWARD RD EAST, SAN PO KONG, KLN
2259 6000","男女
CO-EDUCATIONAL","資助
AIDED",基督教 PROTESTANTISM / CHRISTIANITY,40,93,九龍,22.33193356,114.1947446
260,LOK SIN TONG WONG CHUNG MING SECONDARY SCHOOL,樂善堂王仲銘中學,"九龍黃大仙樂善道１６１號 161 LOK SIN ROAD, WONG TAI SIN, KLN
2382 0002","男女
CO-EDUCATIONAL","資助
AIDED","--
--",40,93,九龍,22.33390226,114.1945119
261,LOK SIN TONG YU KAN HING SECONDARY SCHOOL,樂善堂余近卿中學,"九龍橫頭磡富裕街３號 3 FU YUE STREET, WANG TAU HOM, KLN
2336 2657","男女
CO-EDUCATIONAL","資助
AIDED","--
--",40,93,九龍,22.34158802,114.185184
263,NG WAH CATHOLIC SECONDARY SCHOOL,天主教伍華中學,"九龍新蒲崗彩虹道５號 5 CHOI HUNG ROAD, SAN PO KONG, KLN
2383 8077","男女
CO-EDUCATIONAL","資助
AIDED","天主教
CATHOLICISM",40,93,九龍,22.33256564,114.195298
264,OUR LADY'S COLLEGE,聖母書院,"九龍黃大仙龍鳳街３號 3 LUNG FUNG STREET, WONG TAI SIN, KLN
2327 5860","女
GIRLS","資助
AIDED","天主教
CATHOLICISM",40,93,九龍,22.34502766,114.1967655
270,PHC WING KWONG COLLEGE,五旬節聖潔會永光書院,"九龍橫頭磡龍翔道１５５號 155 LUNG CHEUNG ROAD, WANG TAU HOM, KLN
2337 0137","男女
CO-EDUCATIONAL","資助
AIDED",基督教 PROTESTANTISM / CHRISTIANITY,40,93,九龍,22.34190383,114.1892612
556,PLK CELINE HO YAM TONG COLLEGE,保良局何蔭棠中學,"九龍黃大仙慈雲山蒲崗村道１７６號 176 PO KONG VILLAGE ROAD,  TSZ WAN SHAN,
WONG TAI SIN, KLN
2626 9930","男女
CO-EDUCATIONAL","資助
AIDED","--
--",50,117,九龍,22.34490019,114.2039104
265,PLK NO.1 WH CHEUNG COLLEGE,保良局第一張永慶中學,"九龍慈雲山蒲崗村道１７３號 173 PO KONG VILLAGE ROAD, TSZ WAN SHAN, KLN
2321 2167","男女
CO-EDUCATIONAL","資助
AIDED","--
--",50,117,九龍,22.34631769,114.2056678
271,SALVATION ARMY WILLIAM BOOTH SECONDARY SCHOOL,救世軍卜維廉中學,"九龍慈雲山毓華街１００號 100 YUK WAH STREET, TSZ WAN SHAN, KLN
2326 9068","男女
CO-EDUCATIONAL","資助
AIDED",基督教 PROTESTANTISM / CHRISTIANITY,30,70,九龍,22.34691371,114.2056485
267,SHENG KUNG HUI ST BENEDICT'S SCHOOL,聖公會聖本德中學,"九龍彩虹邨藍鐘路１１號 11 LAM CHUNG AVENUE, CHOI HUNG ESTATE, KLN
2320 0011","男女
CO-EDUCATIONAL","資助
AIDED",基督教 PROTESTANTISM / CHRISTIANITY,30,70,九龍,22.3352913,114.2060247
268,ST BONAVENTURE COLLEGE & HIGH SCHOOL,聖文德書院,"九龍慈雲山雙鳳街４７號 47 SHEUNG FUNG STREET, TSZ WAN SHAN, KLN
2323 8217","男女
CO-EDUCATIONAL","資助
AIDED","天主教
CATHOLICISM",40,93,九龍,22.34614737,114.1973967
266,STEWARDS POOI TUN SECONDARY SCHOOL,香港神託會培敦中學,"九龍黃大仙斧山道１６２號 162 HAMMER HILL ROAD WONG TAI SIN, KLN
2326 5211","男女
CO-EDUCATIONAL","資助
AIDED",基督教 PROTESTANTISM / CHRISTIANITY,40,93,九龍,22.34027577,114.2081711
269,TAK OI SECONDARY SCHOOL,德愛中學,"九龍慈雲山慈雲山道８號 8 TSZ WAN SHAN ROAD, TSZ WAN SHAN, KLN
2323 8504","女
GIRLS","資助
AIDED","天主教
CATHOLICISM",40,93,九龍,22.34753704,114.2043672
273,BUDDHIST HO NAM KAM COLLEGE,佛教何南金中學,"九龍油塘高超道３號 3 KO CHIU ROAD, YAU TONG, KLN
2340 0871","男女
CO-EDUCATIONAL","資助
AIDED","佛教
BUDDHISM",40,93,九龍,22.30043286,114.2392365
279,CCC KEI CHI SECONDARY SCHOOL,中華基督教會基智中學,"九龍觀塘瑞寧街２０號 20 SHUI NING STREET, KWUN TONG, KLN
2342 2954","男女
CO-EDUCATIONAL","資助
AIDED",基督教 PROTESTANTISM / CHRISTIANITY,40,93,九龍,22.31683744,114.224491
274,CCC MONG MAN WAI COLLEGE,中華基督教會蒙民偉書院,"九龍觀塘曉明街２０號
20 HIU MING STREET, KWUN TONG, KLN
2727 6372","男女
CO-EDUCATIONAL","資助
AIDED",基督教 PROTESTANTISM / CHRISTIANITY,40,93,九龍,22.31606797,114.23045
277,FDBWA SZETO HO SECONDARY SCHOOL,五邑司徒浩中學,"九龍藍田啓田道７號
7 KAI TIN ROAD, LAM TIN, KLN
2340 5916","男女
CO-EDUCATIONAL","資助
AIDED","--
--",40,93,九龍,22.306512,114.2350951
272,HK SKH BISHOP HALL SECONDARY SCHOOL,香港聖公會何明華會督中學,"九龍秀茂坪曉光街８２號 82 HIU KWONG STREET, SAU MAU PING, KLN
2347 9224","男女
CO-EDUCATIONAL","資助
AIDED",基督教 PROTESTANTISM / CHRISTIANITY,40,93,九龍,22.31435106,114.2336716
278,HKWMA CHU SHEK LUN SECONDARY SCHOOL,香港布廠商會朱石麟中學,"九龍九龍灣啓樂街１１號
11 KAI LOK STREET, KOWLOON BAY, KLN
2796 8323","男女
CO-EDUCATIONAL","資助
AIDED","--
--",30,70,九龍,22.32742458,114.2115169
280,KO LUI SECONDARY SCHOOL,高雷中學,"九龍觀塘和康徑９號 9 WO HONG PATH, KWUN TONG, KLN
2389 0213","男女
CO-EDUCATIONAL","資助
AIDED","--
--",40,93,九龍,22.321831,114.2256865
282,KWUN TONG GOVERNMENT SECONDARY SCHOOL,觀塘官立中學,"九龍觀塘順利邨順緻街９號 9 SHUN CHI STREET, SHUN LEE ESTATE,
KWUN TONG, KLN
2343 6220","男女
CO-EDUCATIONAL","官立
GOVERNMENT","--
--",43,100,九龍,22.33312783,114.2270688
281,KWUN TONG KUNG LOK GOVERNMENT SECONDARY SCHOOL,觀塘功樂官立中學,"九龍觀塘功樂道９０號 90 KUNG LOK ROAD, KWUN TONG, KLN
2343 5059","男
BOYS","官立
GOVERNMENT","--
--",30,70,九龍,22.31828297,114.2222494
283,KWUN TONG MARYKNOLL COLLEGE,觀塘瑪利諾書院,"九龍觀塘翠屏道１００號 100 TSUI PING ROAD, KWUN TONG, KLN
2717 1485","男
BOYS","資助
AIDED","天主教
CATHOLICISM",41,96,九龍,22.3184798,114.2284224
284,LEUNG SHEK CHEE COLLEGE,梁式芝書院,"九龍觀塘曉光街８０號 80 HIU KWONG STREET, KWUN TONG, KLN
2349 6626","女
GIRLS","資助
AIDED","天主教
CATHOLICISM",41,96,九龍,22.31457704,114.2330506
285,MARYKNOLL SECONDARY SCHOOL,瑪利諾中學,"九龍觀塘安秀道２７號 27 ON SAU ROAD, KWUN TONG, KLN
2758 3102","男女
CO-EDUCATIONAL","資助
AIDED","天主教
CATHOLICISM",40,93,九龍,22.32471911,114.2309678
301,MISSION COVENANT CHURCH HOLM GLAD COLLEGE,基督教聖約教會堅樂中學,"九龍觀塘曉明街２６號 26 HIU MING STREET, KWUN TONG, KLN
2727 4311","男女
CO-EDUCATIONAL","資助
AIDED",基督教 PROTESTANTISM / CHRISTIANITY,41,96,九龍,22.31424348,114.2314005
288,NING PO COLLEGE,寧波公學,"九龍觀塘功樂道７號 7 KUNG LOK ROAD, KWUN TONG, KLN
2345 5633","男女
CO-EDUCATIONAL","資助
AIDED","--
--",40,93,九龍,22.31658525,114.2221615
289,NING PO NO.2 COLLEGE,寧波第二中學,"九龍觀塘順天邨順安道９號
9 SHUN ON ROAD, SHUN TIN ESTATE, KWUN TONG, KLN
2346 7465","男女
CO-EDUCATIONAL","資助
AIDED","--
--",40,93,九龍,22.32471999,114.2282597
290,NLSI LUI KWOK PAT FONG COLLEGE,新生命教育協會呂郭碧鳳中學,"九龍觀塘翠屏道１０２號 102 TSUI PING ROAD, KWUN TONG, KLN
2348 0103","男女
CO-EDUCATIONAL","資助
AIDED",基督教 PROTESTANTISM / CHRISTIANITY,40,93,九龍,22.31919335,114.228015
544,PO CHIU CATHOLIC SECONDARY SCHOOL,天主教普照中學,"九龍油塘普照路１號
1 PO CHIU ROAD, YAU TONG, KLN
2347 9907","男女
CO-EDUCATIONAL","資助
AIDED","天主教
CATHOLICISM",40,93,九龍,22.29817566,114.2380321
294,SHUN LEE CATHOLIC SECONDARY SCHOOL,順利天主教中學,"九龍觀塘順利邨順緻街７號 7 SHUN CHI STREET, SHUN LEE ESTATE,
KWUN TONG, KLN
2389 3082","男女
CO-EDUCATIONAL","資助
AIDED","天主教
CATHOLICISM",41,96,九龍,22.3331461,114.2264185
295,SING YIN SECONDARY SCHOOL,聖言中學,"九龍新清水灣道３８號
38 NEW CLEAR WATER BAY ROAD, KLN
2349 6281","男
BOYS","資助
AIDED","天主教
CATHOLICISM",51,119,九龍,22.33176745,114.2152454
292,SKH KEI HAU SECONDARY SCHOOL,聖公會基孝中學,"九龍藍田啓田道５號
5 KAI TIN ROAD, LAM TIN, KLN
2346 0252","男女
CO-EDUCATIONAL","資助
AIDED",基督教 PROTESTANTISM / CHRISTIANITY,40,93,九龍,22.30582566,114.2351239
293,SKH LEUNG KWAI YEE SECONDARY SCHOOL,聖公會梁季彜中學,"九龍觀塘曉明街２８號 28 HIU MING STREET, KWUN TONG, KLN
2727 4321","男女
CO-EDUCATIONAL","資助
AIDED",基督教 PROTESTANTISM / CHRISTIANITY,40,93,九龍,22.31384618,114.2312645
296,ST ANTONIUS GIRLS' COLLEGE,聖安當女書院,"九龍油塘高超道１號
1 KO CHIU ROAD, YAU TONG, KLN
2348 1379","女
GIRLS","資助
AIDED","天主教
CATHOLICISM",40,93,九龍,22.30080333,114.2386544
297,ST CATHARINE'S SCHOOL FOR GIRLS,聖傑靈女子中學,"九龍觀塘康利道２６號 26 HONG LEE ROAD, KWUN TONG, KLN
2345 6481","女
GIRLS","資助
AIDED",基督教 PROTESTANTISM / CHRISTIANITY,50,117,九龍,22.31929511,114.2196485
298,ST JOSEPH'S ANGLO-CHINESE SCHOOL,聖若瑟英文中學,"九龍新清水灣道４６號
46 NEW CLEAR WATER BAY ROAD, KLN
3752 4500","男
BOYS","資助
AIDED","天主教
CATHOLICISM",40,93,九龍,22.33219147,114.216954
299,ST PAUL'S SCHOOL (LAM TIN),藍田聖保祿中學,"九龍藍田安田街１０號 10 ON TIN STREET, LAM TIN, KLN
2347 2991","女
GIRLS","資助
AIDED","天主教
CATHOLICISM",50,117,九龍,22.30866948,114.2373573
300,THE HKTA CHING CHUNG SECONDARY SCHOOL,香港道教聯合會青松中學,"九龍觀塘秀茂坪曉育徑４號
4 HIU YUK PATH, SAU MAU PING, KWUN TONG, KLN
2727 4315","男女
CO-EDUCATIONAL","資助
AIDED","道教
TAOISM",40,93,九龍,22.3141527,114.2327689
557,YCH LAW CHAN CHOR SI COLLEGE,仁濟醫院羅陳楚思中學,"九龍九龍灣啓禮道１０號 10 KAI LAI ROAD, KOWLOON BAY, KLN
2682 1315","男女
CO-EDUCATIONAL","資助
AIDED","--
--",40,93,九龍,22.32819292,114.2078578
178,KOWLOON SAM YUK SECONDARY SCHOOL,九龍三育中學,"九龍詩歌舞街１４號
14 SYCAMORE STREET, KLN
2394 4081","男女
CO-EDUCATIONAL",直資計劃 DIRECT SUBSIDY SCHEME,基督教 PROTESTANTISM / CHRISTIANITY,50,117,九龍,22.32426711,114.1644406
195,CHINA HOLINESS COLLEGE,中聖書院,"九龍深水埗懷惠道１８號
18 WAI WAI ROAD, SHAMSHUIPO, KLN
2386 4734","男女
CO-EDUCATIONAL",直資計劃 DIRECT SUBSIDY SCHEME,基督教 PROTESTANTISM / CHRISTIANITY,32,75,九龍,22.33709923,114.1605663
214,WAI KIU COLLEGE,惠僑英文中學,"九龍石硤尾偉智街１７號
17 WAI CHI STREET, SHEK KIP MEI, KLN
2777 6289","男女
CO-EDUCATIONAL",直資計劃 DIRECT SUBSIDY SCHEME,"--
--",36,84,九龍,22.33396612,114.16675
523,SCIENTIA SECONDARY SCHOOL,創知中學,"九龍何文田公主道１４號
14 PRINCESS MARGARET ROAD, HOMANTIN, KLN
2714 4115","男女
CO-EDUCATIONAL",直資計劃 DIRECT SUBSIDY SCHEME,"--
--",30,70,九龍,22.31986968,114.1787864
287,MU KUANG ENGLISH SCHOOL,慕光英文書院,"九龍觀塘功樂道５５號
55 KUNG LOK ROAD, KWUN TONG, KLN
2341 2932","男女
CO-EDUCATIONAL",直資計劃 DIRECT SUBSIDY SCHEME,"--
--",40,93,九龍,22.31846452,114.2187942
